-- phpMyAdmin SQL Dump
-- version 4.5.4.1deb2ubuntu2
-- http://www.phpmyadmin.net
--
-- Host: localhost
-- Generation Time: Apr 13, 2018 at 10:16 AM
-- Server version: 5.7.21-0ubuntu0.16.04.1
-- PHP Version: 7.0.28-0ubuntu0.16.04.1

SET SQL_MODE = "NO_AUTO_VALUE_ON_ZERO";
SET time_zone = "+00:00";


/*!40101 SET @OLD_CHARACTER_SET_CLIENT=@@CHARACTER_SET_CLIENT */;
/*!40101 SET @OLD_CHARACTER_SET_RESULTS=@@CHARACTER_SET_RESULTS */;
/*!40101 SET @OLD_COLLATION_CONNECTION=@@COLLATION_CONNECTION */;
/*!40101 SET NAMES utf8mb4 */;

--
-- Database: `pcgarage`
--

-- --------------------------------------------------------

--
-- Table structure for table `brands`
--

CREATE TABLE `brands` (
  `id` bigint(20) NOT NULL,
  `pid` bigint(20) NOT NULL,
  `catname` varchar(300) COLLATE utf8_unicode_ci NOT NULL,
  `image` varchar(255) COLLATE utf8_unicode_ci NOT NULL,
  `created` timestamp NOT NULL DEFAULT CURRENT_TIMESTAMP ON UPDATE CURRENT_TIMESTAMP,
  `brands_order` int(11) NOT NULL
) ENGINE=MyISAM DEFAULT CHARSET=utf8 COLLATE=utf8_unicode_ci;

--
-- Dumping data for table `brands`
--

INSERT INTO `brands` (`id`, `pid`, `catname`, `image`, `created`, `brands_order`) VALUES
(6, 10, 'iPhone Mobile', 'Iphone-logo.png', '2018-01-23 07:52:53', 1),
(55, 10, 'LG Mobile', 'lg-logo.png', '2017-11-22 06:43:58', 10),
(10, 0, 'Mobile Phone', 'mobile-icon.png', '2017-11-14 11:09:27', 1),
(56, 10, 'Motorola Mobile', 'motorola-logo.png', '2017-11-22 06:44:02', 11),
(12, 0, 'Laptop', 'laptop.png', '2017-11-15 06:47:35', 2),
(42, 12, 'HP Laptop', 'hp-laptop.png', '2017-11-15 06:54:49', 3),
(15, 0, 'Tablet', 'tablet.png', '2017-11-15 06:47:41', 3),
(16, 15, 'Apple iPad', 'ipad-logo.png', '2017-11-22 06:46:57', 1),
(17, 15, 'Samsung Tab', 'galaxy-tab-logo.png', '2017-11-22 06:47:05', 2),
(54, 10, 'Huawei Mobile', 'huawei-logo-black.png', '2017-11-22 06:44:07', 9),
(20, 18, 'Hp', 'hp.png', '2017-08-24 11:19:17', 0),
(21, 18, 'Dell', 'Dell.jpg', '2017-08-24 11:19:55', 0),
(57, 10, 'OnePlus Mobile', 'OnePlus-logo.png', '2017-11-22 06:44:10', 12),
(25, 10, 'Samsung Mobile', 'samsung-logo.png', '2017-11-22 06:44:46', 2),
(53, 10, 'Oppo Mobile', 'oppo-logo.png', '2017-11-22 06:44:50', 8),
(52, 10, 'Nokia Mobile', 'nokia-logo.png', '2017-11-15 07:19:41', 4),
(47, 10, 'Google Nexus Mobile', 'google-nexus-logo.png', '2017-11-22 06:44:58', 3),
(48, 10, 'Sony Mobile', 'sony-logo.png', '2017-11-22 06:45:02', 5),
(49, 10, 'BlackBerry Mobile', 'blackberry-Logo.png', '2017-11-22 06:45:06', 7),
(50, 10, 'HTC Mobile', 'htc-logo.png', '2017-11-22 06:45:31', 6),
(37, 0, 'Desktop', 'desktop.png', '2017-11-15 06:47:47', 4),
(38, 0, 'Smart Watch', 'smart-watch.png', '2017-11-15 06:47:52', 5),
(40, 12, 'Apple Laptop', 'apple-mac-laptop.png', '2017-11-15 06:48:41', 1),
(43, 12, 'Dell Laptop', 'dell-laptop.png', '2017-11-15 06:48:45', 2),
(45, 0, 'Others', 'others.png', '2017-11-15 06:47:59', 6),
(58, 10, 'Redmi Mobile', 'XIaomi-Logo.png', '2017-11-22 06:45:35', 13),
(59, 10, 'MicroSoft Mobile', 'Microsoft-Logo.png', '2017-11-22 06:45:39', 14),
(61, 37, 'iMac Desktop', 'apple-imac.png', '2017-11-22 06:47:27', 1),
(62, 38, 'Apple Smart Watch', 'apple-smart-watch-logo.png', '2017-11-15 07:11:19', 1),
(63, 38, 'Samsung Smart Watch', 'samsung-logo.png', '2017-11-15 07:12:11', 2),
(64, 38, 'Asus Smart Watch', 'asus-watch-logo.png', '2017-11-15 07:13:22', 4),
(65, 38, 'Garmin Smart Watch', 'garmin.png', '2017-11-15 07:13:08', 3),
(66, 38, 'Fitbit Smart Watch', 'fitbit-watch-logo.png', '2017-11-15 07:13:46', 7),
(67, 38, 'Huawei Smart Watch', 'huawai-watch-logo.png', '2017-11-15 07:12:35', 5),
(68, 38, 'Microsoft Smart Watch', 'Microsoft-watch-Logo.png', '2017-11-15 07:14:11', 6),
(69, 38, 'Nike Smart Watch', 'nike-watch-logo.png', '2017-11-15 07:14:31', 8),
(70, 38, 'Xiamoi Smart Watch', 'XIaomi-watch-Logo.png', '2017-11-15 07:15:08', 9),
(71, 38, 'Pebble Smart Watch', 'pebble-watch-logo.png', '2017-11-15 07:15:29', 10),
(72, 45, 'Samsung Camera', 'samsung-camera.png', '2017-11-15 07:11:54', 1),
(73, 45, 'Sony Camera', 'sony-camera.png', '2017-11-13 10:54:05', 0),
(74, 45, 'Nikon Camera', 'nikon-camera.png', '2017-11-13 10:55:28', 0),
(75, 45, 'Canon Camera', 'canon-camera.png', '2017-11-13 10:56:55', 0);

-- --------------------------------------------------------

--
-- Table structure for table `contact_info`
--

CREATE TABLE `contact_info` (
  `id` int(11) NOT NULL,
  `names` varchar(255) COLLATE utf8_unicode_ci NOT NULL,
  `emails` varchar(255) COLLATE utf8_unicode_ci NOT NULL,
  `phones` varchar(255) COLLATE utf8_unicode_ci NOT NULL,
  `call_time` varchar(255) COLLATE utf8_unicode_ci NOT NULL
) ENGINE=MyISAM DEFAULT CHARSET=utf8 COLLATE=utf8_unicode_ci;

--
-- Dumping data for table `contact_info`
--

INSERT INTO `contact_info` (`id`, `names`, `emails`, `phones`, `call_time`) VALUES
(1, 'abhi', 'abhi@gmail.com', '123456789', '1 day'),
(2, 'mmmm', 'mmm@gmail.com', '131314141414', '2323');

-- --------------------------------------------------------

--
-- Table structure for table `home_form`
--

CREATE TABLE `home_form` (
  `id` int(11) NOT NULL,
  `brand` varchar(255) COLLATE utf8_unicode_ci NOT NULL,
  `modal` varchar(255) COLLATE utf8_unicode_ci NOT NULL,
  `age_of_device` varchar(255) COLLATE utf8_unicode_ci NOT NULL,
  `color` varchar(255) COLLATE utf8_unicode_ci NOT NULL,
  `purchase_price` varchar(255) COLLATE utf8_unicode_ci NOT NULL,
  `exp_price` varchar(255) COLLATE utf8_unicode_ci NOT NULL
) ENGINE=MyISAM DEFAULT CHARSET=utf8 COLLATE=utf8_unicode_ci;

--
-- Dumping data for table `home_form`
--

INSERT INTO `home_form` (`id`, `brand`, `modal`, `age_of_device`, `color`, `purchase_price`, `exp_price`) VALUES
(1, 'Iphone', 'Iphone 7', '1 Year', 'Grey', '70000', '40000');

-- --------------------------------------------------------

--
-- Table structure for table `messages`
--

CREATE TABLE `messages` (
  `id` int(11) NOT NULL,
  `order_id` int(11) NOT NULL,
  `is_client` int(11) NOT NULL,
  `is_admin` int(11) NOT NULL,
  `mdate` datetime NOT NULL,
  `status` varchar(40) COLLATE utf8_unicode_ci NOT NULL,
  `message` text COLLATE utf8_unicode_ci NOT NULL,
  `date` date NOT NULL,
  `time` time NOT NULL,
  `from_user` int(11) NOT NULL,
  `to_user` int(11) NOT NULL
) ENGINE=InnoDB DEFAULT CHARSET=utf8 COLLATE=utf8_unicode_ci;

--
-- Dumping data for table `messages`
--

INSERT INTO `messages` (`id`, `order_id`, `is_client`, `is_admin`, `mdate`, `status`, `message`, `date`, `time`, `from_user`, `to_user`) VALUES
(1, 31, 1, 0, '2017-10-05 07:26:02', 'unread', 'hay', '2017-10-05', '07:26:02', 0, 0),
(2, 31, 0, 1, '2017-10-05 07:26:17', 'unread', 'hay by adn', '2017-10-05', '07:26:17', 0, 0),
(3, 31, 1, 0, '2017-10-05 07:26:29', 'unread', 'ok thanks\n', '2017-10-05', '07:26:29', 0, 0),
(4, 32, 1, 0, '2017-10-05 07:28:27', 'unread', 'hello admin', '2017-10-05', '07:28:27', 0, 0),
(5, 32, 0, 1, '2017-10-05 07:30:12', 'unread', 'rakesh', '2017-10-05', '07:30:12', 0, 0),
(6, 32, 0, 1, '2017-10-05 07:30:38', 'unread', 'weworking on your issue', '2017-10-05', '07:30:38', 0, 0),
(7, 33, 1, 0, '2017-10-05 07:42:41', 'unread', 'hello', '2017-10-05', '07:42:41', 0, 0),
(8, 33, 0, 1, '2017-10-05 07:42:52', 'unread', 'hello', '2017-10-05', '07:42:52', 0, 0),
(9, 33, 0, 1, '2017-10-05 08:14:32', 'unread', 'hay', '2017-10-05', '08:14:32', 0, 0),
(10, 36, 1, 0, '2017-10-30 06:34:40', 'unread', 'hello', '2017-10-30', '06:34:40', 0, 0),
(11, 36, 0, 1, '2017-10-30 06:35:01', 'unread', 'hay', '2017-10-30', '06:35:01', 0, 0),
(12, 36, 1, 0, '2017-10-30 06:35:15', 'unread', 'hello\n', '2017-10-30', '06:35:15', 0, 0),
(13, 37, 0, 1, '2017-10-30 11:02:26', 'unread', 'hi', '2017-10-30', '11:02:26', 0, 0),
(14, 37, 1, 0, '2017-10-30 11:02:42', 'unread', 'Hi, I would\n', '2017-10-30', '11:02:42', 0, 0),
(15, 37, 0, 1, '2017-10-30 11:03:22', 'unread', 'Yes we can try that', '2017-10-30', '11:03:22', 0, 0),
(16, 49, 1, 0, '2017-11-29 03:21:32', 'unread', 'Hi', '2017-11-29', '03:21:32', 0, 0),
(17, 49, 1, 0, '2017-11-29 03:21:40', 'unread', 'Admin', '2017-11-29', '03:21:40', 0, 0),
(18, 49, 1, 0, '2017-11-29 03:21:49', 'unread', 'Hi \n', '2017-11-29', '03:21:49', 0, 0),
(19, 49, 1, 0, '2017-11-29 03:22:06', 'unread', 'I would like to know the cost of Liquid damage of Iphone 7 \n', '2017-11-29', '03:22:06', 0, 0),
(20, 49, 0, 1, '2017-11-29 03:23:04', 'unread', '$79', '2017-11-29', '03:23:04', 0, 0),
(21, 49, 1, 0, '2017-11-29 05:53:59', 'unread', 'hfgfghfg', '2017-11-29', '05:53:59', 0, 0),
(22, 49, 1, 0, '2017-11-29 05:54:54', 'unread', 'fdgdfgdf', '2017-11-29', '05:54:54', 0, 0),
(23, 51, 1, 0, '2017-12-01 06:07:48', 'unread', 'I would like to know the actual price of samsung s 8', '2017-12-01', '06:07:48', 0, 0),
(24, 53, 1, 0, '2017-12-06 07:10:37', 'unread', 'Hi Support, I would like to know about status of my account .', '2017-12-06', '07:10:37', 0, 0),
(25, 63, 0, 1, '2018-01-03 12:09:35', 'unread', 'Hi ', '2018-01-03', '12:09:35', 0, 0),
(26, 70, 1, 0, '2018-01-23 05:16:00', 'unread', 'hiii', '2018-01-23', '05:16:00', 0, 0),
(27, 70, 1, 0, '2018-01-23 05:16:39', 'unread', 'what is status my mobile ', '2018-01-23', '05:16:39', 0, 0),
(28, 72, 1, 0, '2018-01-25 01:16:56', 'unread', 'May I know the status?', '2018-01-25', '01:16:56', 0, 0),
(29, 72, 0, 1, '2018-01-25 02:19:20', 'unread', 'Hi there', '2018-01-25', '02:19:20', 0, 0),
(30, 72, 1, 0, '2018-01-25 02:19:51', 'unread', 'May i  know what is the problem', '2018-01-25', '02:19:51', 0, 0),
(31, 77, 1, 0, '2018-01-25 06:05:04', 'unread', 'Hi', '2018-01-25', '06:05:04', 0, 0),
(32, 77, 0, 1, '2018-01-25 06:05:42', 'unread', 'helo', '2018-01-25', '06:05:42', 0, 0),
(33, 77, 1, 0, '2018-01-25 06:09:41', 'unread', 'how r you', '2018-01-25', '06:09:41', 0, 0),
(34, 77, 0, 1, '2018-01-25 06:36:08', 'unread', 'm 9', '2018-01-25', '06:36:08', 0, 0),
(35, 77, 1, 0, '2018-01-25 08:18:07', 'unread', 'afasfasf', '2018-01-25', '08:18:07', 0, 0),
(36, 77, 1, 0, '2018-01-25 08:24:23', 'unread', 'afafafsafas', '2018-01-25', '08:24:23', 0, 0),
(37, 77, 1, 0, '2018-01-25 08:24:27', 'unread', 'asfasf', '2018-01-25', '08:24:27', 0, 0),
(38, 79, 0, 1, '2018-01-29 03:33:18', 'unread', 'Hi Erika, ', '2018-01-29', '03:33:18', 0, 0),
(39, 79, 0, 1, '2018-01-29 03:33:18', 'unread', '', '2018-01-29', '03:33:18', 0, 0),
(40, 79, 0, 1, '2018-01-29 03:33:19', 'unread', 'Hi Erika, ', '2018-01-29', '03:33:19', 0, 0),
(41, 79, 0, 1, '2018-01-29 03:33:40', 'unread', 'Thanks fo choosig PCGARAGE!', '2018-01-29', '03:33:40', 0, 0),
(42, 105, 1, 0, '2018-03-12 06:04:16', 'unread', 'hii', '2018-03-12', '06:04:16', 0, 0),
(43, 105, 1, 0, '2018-03-12 07:21:30', 'unread', 'hello\r\n', '2018-03-12', '07:21:30', 0, 0),
(44, 8, 1, 0, '2018-03-12 07:35:46', 'unread', 'hiii', '2018-03-12', '07:35:46', 0, 0),
(45, 8, 1, 0, '2018-03-12 07:36:25', 'unread', 'h r u??', '2018-03-12', '07:36:25', 0, 0),
(46, 8, 1, 0, '2018-03-12 07:36:55', 'unread', 'hey\r\n', '2018-03-12', '07:36:55', 0, 0),
(47, 8, 1, 0, '2018-03-12 07:37:40', 'unread', 'hey', '2018-03-12', '07:37:40', 0, 0),
(48, 8, 1, 0, '2018-03-12 07:39:14', 'unread', 'hii', '2018-03-12', '07:39:14', 0, 0),
(49, 8, 1, 0, '2018-03-12 07:39:58', 'unread', 'hii', '2018-03-12', '07:39:58', 0, 0),
(50, 8, 1, 0, '2018-03-12 07:42:26', 'unread', 'hii', '2018-03-12', '07:42:26', 0, 0),
(51, 8, 1, 0, '2018-03-12 07:42:26', 'unread', 'hii', '2018-03-12', '07:42:26', 0, 0),
(52, 8, 1, 0, '2018-03-12 07:42:32', 'unread', 'hii', '2018-03-12', '07:42:32', 0, 0),
(53, 8, 1, 0, '2018-03-12 07:47:51', 'unread', 'hiii', '2018-03-12', '07:47:51', 0, 0),
(54, 8, 1, 0, '2018-03-12 07:47:57', 'unread', 'hii', '2018-03-12', '07:47:57', 0, 0),
(55, 8, 1, 0, '2018-03-12 07:52:21', 'unread', 'hii', '2018-03-12', '07:52:21', 0, 0),
(56, 8, 1, 0, '2018-03-12 07:52:29', 'unread', 'hello', '2018-03-12', '07:52:29', 0, 0),
(57, 8, 1, 0, '2018-03-12 07:52:43', 'unread', 'gud mrng', '2018-03-12', '07:52:43', 0, 0),
(58, 8, 1, 0, '2018-03-12 07:53:50', 'unread', 'here\r\n', '2018-03-12', '07:53:50', 0, 0),
(59, 8, 1, 0, '2018-03-12 07:54:40', 'unread', 'hii', '2018-03-12', '07:54:40', 0, 0),
(60, 105, 1, 0, '2018-03-12 08:00:20', 'unread', 'hiii', '2018-03-12', '08:00:20', 0, 0),
(61, 105, 1, 0, '2018-03-12 08:00:23', 'unread', 'hii', '2018-03-12', '08:00:23', 0, 0),
(62, 105, 1, 0, '2018-03-12 08:00:27', 'unread', 'hiii', '2018-03-12', '08:00:27', 0, 0),
(63, 105, 1, 0, '2018-03-12 08:00:31', 'unread', 'hiiii', '2018-03-12', '08:00:31', 0, 0),
(64, 105, 1, 0, '2018-03-12 08:00:36', 'unread', 'hiiiii', '2018-03-12', '08:00:36', 0, 0),
(65, 105, 1, 0, '2018-03-12 08:00:39', 'unread', 'hiiiii', '2018-03-12', '08:00:39', 0, 0),
(66, 105, 1, 0, '2018-03-12 08:00:44', 'unread', 'hiii', '2018-03-12', '08:00:44', 0, 0),
(67, 8, 1, 0, '2018-03-12 08:01:10', 'unread', 'hii', '2018-03-12', '08:01:10', 0, 0),
(68, 8, 1, 0, '2018-03-12 08:01:36', 'unread', 'hii', '2018-03-12', '08:01:36', 0, 0),
(69, 8, 1, 0, '2018-03-12 08:01:59', 'unread', 'hiii', '2018-03-12', '08:01:59', 0, 0),
(70, 8, 1, 0, '2018-03-12 08:02:04', 'unread', 'hello', '2018-03-12', '08:02:04', 0, 0),
(71, 8, 1, 0, '2018-03-12 08:02:59', 'unread', 'hii', '2018-03-12', '08:02:59', 0, 0),
(72, 8, 1, 0, '2018-03-12 08:04:30', 'unread', 'hiii', '2018-03-12', '08:04:30', 0, 0),
(73, 8, 1, 0, '2018-03-12 08:06:02', 'unread', 'gud mrng', '2018-03-12', '08:06:02', 0, 0),
(74, 9, 1, 0, '2018-03-12 08:07:45', 'unread', 'hii', '2018-03-12', '08:07:45', 0, 0),
(75, 9, 1, 0, '2018-03-12 08:10:10', 'unread', 'hiii', '2018-03-12', '08:10:10', 0, 0),
(76, 9, 1, 0, '2018-03-12 08:15:32', 'unread', 'hello', '2018-03-12', '08:15:32', 0, 0),
(77, 9, 1, 0, '2018-03-12 08:15:44', 'unread', ' h ru \r\n', '2018-03-12', '08:15:44', 0, 0),
(78, 9, 1, 0, '2018-03-12 08:16:56', 'unread', 'hey', '2018-03-12', '08:16:56', 0, 0),
(79, 9, 1, 0, '2018-03-12 08:19:02', 'unread', 'hii', '2018-03-12', '08:19:02', 0, 0),
(80, 106, 0, 1, '2018-03-12 08:23:07', 'unread', 'hiii', '2018-03-12', '08:23:07', 0, 0),
(81, 97, 0, 1, '2018-03-12 11:20:20', 'unread', 'hiiii', '2018-03-12', '11:20:20', 0, 0),
(82, 9, 1, 0, '2018-03-12 11:29:22', 'unread', 'hii yuvraj', '2018-03-12', '11:29:22', 0, 0),
(83, 9, 1, 0, '2018-03-12 11:31:28', 'unread', 'hii', '2018-03-12', '11:31:28', 0, 0),
(84, 9, 1, 0, '2018-03-12 11:55:43', 'unread', 'hi', '2018-03-12', '11:55:43', 0, 0),
(85, 9, 1, 0, '2018-03-12 11:56:35', 'unread', 'hii', '2018-03-12', '11:56:35', 0, 0),
(86, 9, 1, 0, '2018-03-12 12:05:43', 'unread', 'hello', '2018-03-12', '12:05:43', 0, 0),
(87, 9, 1, 0, '2018-03-12 12:05:55', 'unread', 'hii', '2018-03-12', '12:05:55', 0, 0),
(88, 9, 1, 0, '2018-03-12 12:06:10', 'unread', 'h ru ', '2018-03-12', '12:06:10', 0, 0),
(89, 97, 0, 1, '2018-03-12 12:21:06', 'unread', 'hii', '2018-03-12', '12:21:06', 0, 0),
(90, 97, 0, 1, '2018-03-12 12:25:37', 'unread', 'hii', '2018-03-12', '12:25:37', 0, 0),
(91, 9, 0, 1, '2018-03-12 12:36:32', 'unread', 'hii', '2018-03-12', '12:36:32', 0, 0),
(92, 9, 0, 1, '2018-03-12 12:46:18', 'unread', 'helo', '2018-03-12', '12:46:18', 0, 0),
(93, 9, 0, 1, '2018-03-12 12:48:07', 'unread', 'kkk', '2018-03-12', '12:48:07', 0, 0),
(94, 8, 0, 1, '2018-03-12 12:49:55', 'unread', 'hello', '2018-03-12', '12:49:55', 0, 0),
(95, 8, 0, 1, '2018-03-12 12:50:00', 'unread', 'h ru ', '2018-03-12', '12:50:00', 0, 0),
(96, 8, 0, 1, '2018-03-12 12:50:06', 'unread', 'what happen', '2018-03-12', '12:50:06', 0, 0),
(97, 8, 0, 1, '2018-03-12 13:10:29', 'unread', 'hey', '2018-03-12', '13:10:29', 0, 0),
(98, 8, 0, 1, '2018-03-12 13:10:56', 'unread', 'h r u???', '2018-03-12', '13:10:56', 0, 0),
(99, 8, 0, 1, '2018-03-12 13:12:42', 'unread', 'srryy', '2018-03-12', '13:12:42', 0, 0),
(100, 8, 1, 0, '2018-03-12 13:12:54', 'unread', 'w hr u\r\n', '2018-03-12', '13:12:54', 0, 0),
(101, 8, 0, 1, '2018-03-12 13:14:28', 'unread', 'hi', '2018-03-12', '13:14:28', 0, 0),
(102, 8, 0, 1, '2018-03-12 13:14:35', 'unread', 'hii', '2018-03-12', '13:14:35', 0, 0),
(103, 8, 1, 0, '2018-03-12 13:15:06', 'unread', 'hiii', '2018-03-12', '13:15:06', 0, 0),
(104, 8, 1, 0, '2018-03-12 13:16:56', 'unread', 'hii', '2018-03-12', '13:16:56', 0, 0),
(105, 8, 1, 0, '2018-03-12 13:21:32', 'unread', 'hii', '2018-03-12', '13:21:32', 0, 0),
(106, 8, 0, 1, '2018-03-12 13:27:14', 'unread', 'hiii', '2018-03-12', '13:27:14', 0, 0),
(107, 8, 1, 0, '2018-03-12 13:27:22', 'unread', 'hii', '2018-03-12', '13:27:22', 0, 0),
(108, 8, 0, 1, '2018-03-12 13:27:37', 'unread', 'h r u', '2018-03-12', '13:27:37', 0, 0),
(109, 8, 1, 0, '2018-03-12 13:27:47', 'unread', 'hiii', '2018-03-12', '13:27:47', 0, 0),
(110, 12, 0, 1, '2018-03-12 13:31:24', 'unread', 'hiii', '2018-03-12', '13:31:24', 0, 0),
(111, 122, 0, 1, '2018-03-15 05:16:40', 'unread', 'hiii', '2018-03-15', '05:16:40', 0, 0),
(112, 122, 0, 1, '2018-03-15 05:17:34', 'unread', 'hii', '2018-03-15', '05:17:34', 0, 0),
(113, 122, 0, 1, '2018-03-15 05:17:57', 'unread', 'h r u', '2018-03-15', '05:17:57', 0, 0),
(114, 122, 0, 1, '2018-03-15 05:25:45', 'unread', 'hello', '2018-03-15', '05:25:45', 0, 0),
(115, 122, 1, 0, '2018-03-15 05:26:10', 'unread', 'hii', '2018-03-15', '05:26:10', 0, 0),
(116, 122, 0, 1, '2018-03-15 05:26:36', 'unread', 'hey', '2018-03-15', '05:26:36', 0, 0),
(117, 122, 1, 0, '2018-03-15 05:26:51', 'unread', 'gud mrng\r\n', '2018-03-15', '05:26:51', 0, 0),
(118, 122, 0, 1, '2018-03-15 05:27:31', 'unread', 'hi', '2018-03-15', '05:27:31', 0, 0),
(119, 122, 1, 0, '2018-03-15 05:27:47', 'unread', 'hey', '2018-03-15', '05:27:47', 0, 0),
(120, 122, 1, 0, '2018-03-15 05:38:47', 'unread', 'hiii', '2018-03-15', '05:38:47', 0, 0),
(121, 122, 0, 1, '2018-03-15 05:38:59', 'unread', 'hello', '2018-03-15', '05:38:59', 0, 0),
(122, 122, 1, 0, '2018-03-15 05:48:40', 'unread', 'hiii', '2018-03-15', '05:48:40', 0, 0),
(123, 122, 0, 1, '2018-03-15 05:48:49', 'unread', 'hello', '2018-03-15', '05:48:49', 0, 0),
(124, 122, 0, 1, '2018-03-15 05:49:14', 'unread', 'heeyyyyy', '2018-03-15', '05:49:14', 0, 0),
(125, 122, 1, 0, '2018-03-15 05:49:33', 'unread', 'heeyy', '2018-03-15', '05:49:33', 0, 0),
(126, 122, 1, 0, '2018-03-15 05:51:18', 'unread', 'hwerwerwerewrewr', '2018-03-15', '05:51:18', 0, 0),
(127, 122, 0, 1, '2018-03-15 05:51:33', 'unread', 'jiiiiiiiiiiii', '2018-03-15', '05:51:33', 0, 0),
(128, 122, 0, 1, '2018-03-15 05:51:46', 'unread', 'hiiiiii', '2018-03-15', '05:51:46', 0, 0),
(129, 122, 0, 1, '2018-03-15 05:52:57', 'unread', 'hiii', '2018-03-15', '05:52:57', 0, 0),
(130, 122, 1, 0, '2018-03-15 05:53:05', 'unread', 'hlloo', '2018-03-15', '05:53:05', 0, 0),
(131, 122, 1, 0, '2018-03-15 05:55:17', 'unread', 'hh', '2018-03-15', '05:55:17', 0, 0),
(132, 122, 0, 1, '2018-03-15 05:55:44', 'unread', 'jj', '2018-03-15', '05:55:44', 0, 0),
(133, 114, 1, 0, '2018-03-15 06:11:20', 'unread', 'hiii', '2018-03-15', '06:11:20', 0, 0),
(134, 1, 1, 0, '2018-03-16 05:12:51', 'unread', 'hiiiiii', '2018-03-16', '05:12:51', 0, 0),
(135, 1, 1, 0, '2018-03-16 05:12:55', 'unread', 'hiiiiii', '2018-03-16', '05:12:55', 0, 0),
(136, 1, 1, 0, '2018-03-16 05:12:57', 'unread', 'hiiiiii', '2018-03-16', '05:12:57', 0, 0),
(137, 1, 1, 0, '2018-03-16 05:12:57', 'unread', 'hiiiiii', '2018-03-16', '05:12:57', 0, 0),
(138, 1, 1, 0, '2018-03-16 05:12:58', 'unread', 'hiiiiii', '2018-03-16', '05:12:58', 0, 0),
(139, 1, 1, 0, '2018-03-16 05:12:58', 'unread', 'hiiiiii', '2018-03-16', '05:12:58', 0, 0),
(140, 1, 1, 0, '2018-03-16 05:12:58', 'unread', 'hiiiiii', '2018-03-16', '05:12:58', 0, 0),
(141, 1, 1, 0, '2018-03-16 05:12:58', 'unread', 'hiiiiii', '2018-03-16', '05:12:58', 0, 0),
(142, 1, 1, 0, '2018-03-16 05:12:58', 'unread', 'hiiiiii', '2018-03-16', '05:12:58', 0, 0),
(143, 1, 1, 0, '2018-03-16 05:12:58', 'unread', 'hiiiiii', '2018-03-16', '05:12:58', 0, 0),
(144, 7, 0, 1, '2018-03-16 05:13:31', 'unread', 'hiiiii', '2018-03-16', '05:13:31', 0, 0),
(145, 7, 0, 1, '2018-03-16 05:13:39', 'unread', 'hiiiii', '2018-03-16', '05:13:39', 0, 0),
(146, 7, 0, 1, '2018-03-16 05:14:20', 'unread', 'hiiiii', '2018-03-16', '05:14:20', 0, 0),
(147, 7, 0, 1, '2018-03-16 05:14:37', 'unread', 'hiiiii', '2018-03-16', '05:14:37', 0, 0),
(148, 7, 0, 1, '2018-03-16 05:15:15', 'unread', 'hiii', '2018-03-16', '05:15:15', 0, 0),
(149, 7, 0, 1, '2018-03-16 05:15:20', 'unread', 'hiii', '2018-03-16', '05:15:20', 0, 0),
(150, 1, 1, 0, '2018-03-16 05:16:53', 'unread', 'hiii', '2018-03-16', '05:16:53', 0, 0),
(151, 1, 1, 0, '2018-03-16 05:18:07', 'unread', 'hiiiiii', '2018-03-16', '05:18:07', 0, 0),
(152, 1, 1, 0, '2018-03-16 05:20:11', 'unread', 'hiiiiii', '2018-03-16', '05:20:11', 0, 0),
(153, 8, 1, 0, '2018-03-16 10:33:35', 'unread', 'iiiii', '2018-03-16', '10:33:35', 0, 0),
(154, 8, 1, 0, '2018-03-16 10:34:15', 'unread', 'hiiiii', '2018-03-16', '10:34:15', 0, 0),
(155, 156, 1, 0, '2018-04-04 10:29:52', 'unread', 'hiii', '2018-04-04', '10:29:52', 0, 0),
(156, 156, 0, 1, '2018-04-04 10:30:13', 'unread', 'hello', '2018-04-04', '10:30:13', 0, 0),
(157, 156, 1, 0, '2018-04-04 10:30:25', 'unread', 'h ru', '2018-04-04', '10:30:25', 0, 0),
(158, 156, 0, 1, '2018-04-04 10:30:31', 'unread', 'fine', '2018-04-04', '10:30:31', 0, 0),
(159, 156, 0, 1, '2018-04-04 10:34:11', 'unread', 'heyyyy', '2018-04-04', '10:34:11', 0, 0),
(160, 156, 1, 0, '2018-04-04 10:34:18', 'unread', 'noooooo', '2018-04-04', '10:34:18', 0, 0),
(161, 20, 1, 0, '2018-04-04 10:41:40', 'unread', 'hiii', '2018-04-04', '10:41:40', 0, 0),
(162, 20, 0, 1, '2018-04-04 10:41:57', 'unread', 'hello', '2018-04-04', '10:41:57', 0, 0),
(163, 157, 0, 1, '2018-04-04 11:58:19', 'unread', 'hiiiii', '2018-04-04', '11:58:19', 0, 0),
(164, 157, 0, 1, '2018-04-04 12:03:31', 'unread', 'heyyyyyy', '2018-04-04', '12:03:31', 0, 0),
(165, 157, 0, 1, '2018-04-04 12:03:55', 'unread', 'hlllllllll', '2018-04-04', '12:03:55', 0, 0),
(166, 157, 0, 1, '2018-04-04 12:30:03', 'unread', 'hiii', '2018-04-04', '12:30:03', 0, 0),
(167, 157, 0, 1, '2018-04-04 12:30:39', 'unread', 'h r uuuuuu', '2018-04-04', '12:30:39', 0, 0),
(168, 157, 1, 0, '2018-04-04 12:31:42', 'unread', '', '2018-04-04', '12:31:42', 0, 0),
(169, 157, 1, 0, '2018-04-04 12:31:48', 'unread', 'hiiiii', '2018-04-04', '12:31:48', 0, 0),
(170, 157, 0, 1, '2018-04-04 12:31:59', 'unread', 'helll', '2018-04-04', '12:31:59', 0, 0),
(171, 157, 1, 0, '2018-04-04 12:32:06', 'unread', '', '2018-04-04', '12:32:06', 0, 0),
(172, 157, 1, 0, '2018-04-04 12:32:09', 'unread', 'eyyyyyy', '2018-04-04', '12:32:09', 0, 0),
(173, 157, 0, 1, '2018-04-04 12:32:20', 'unread', 'r u okkkkkk', '2018-04-04', '12:32:20', 0, 0),
(174, 157, 1, 0, '2018-04-04 12:32:27', 'unread', '', '2018-04-04', '12:32:27', 0, 0),
(175, 157, 1, 0, '2018-04-04 12:32:32', 'unread', 'yewsssssss', '2018-04-04', '12:32:32', 0, 0),
(176, 157, 1, 0, '2018-04-04 12:32:34', 'unread', '', '2018-04-04', '12:32:34', 0, 0),
(177, 157, 1, 0, '2018-04-04 12:32:53', 'unread', 'noooooooooo', '2018-04-04', '12:32:53', 0, 0),
(178, 157, 1, 0, '2018-04-04 12:33:13', 'unread', '', '2018-04-04', '12:33:13', 0, 0),
(179, 157, 1, 0, '2018-04-04 12:33:16', 'unread', 'jjjjjjjj', '2018-04-04', '12:33:16', 0, 0),
(180, 157, 0, 1, '2018-04-04 12:33:29', 'unread', 'jjjjjjjj', '2018-04-04', '12:33:29', 0, 0),
(181, 157, 1, 0, '2018-04-04 12:34:09', 'unread', '', '2018-04-04', '12:34:09', 0, 0),
(182, 157, 1, 0, '2018-04-04 12:34:12', 'unread', 'hhhhhhh', '2018-04-04', '12:34:12', 0, 0),
(183, 157, 1, 0, '2018-04-04 12:34:44', 'unread', '', '2018-04-04', '12:34:44', 0, 0),
(184, 157, 1, 0, '2018-04-04 12:34:47', 'unread', 'kkkkkkkk', '2018-04-04', '12:34:47', 0, 0),
(185, 157, 1, 0, '2018-04-04 12:34:56', 'unread', '', '2018-04-04', '12:34:56', 0, 0),
(186, 157, 1, 0, '2018-04-04 12:34:56', 'unread', '', '2018-04-04', '12:34:56', 0, 0),
(187, 157, 1, 0, '2018-04-04 12:34:59', 'unread', 'hhhhhhhh', '2018-04-04', '12:34:59', 0, 0),
(188, 157, 0, 1, '2018-04-04 12:35:07', 'unread', 'hhhhhh', '2018-04-04', '12:35:07', 0, 0),
(189, 158, 0, 1, '2018-04-04 12:38:00', 'unread', 'hiiiii', '2018-04-04', '12:38:00', 0, 0),
(190, 158, 1, 0, '2018-04-04 12:38:06', 'unread', '', '2018-04-04', '12:38:06', 0, 0),
(191, 158, 1, 0, '2018-04-04 12:39:03', 'unread', 'helllllll', '2018-04-04', '12:39:03', 0, 0),
(192, 158, 1, 0, '2018-04-04 12:39:06', 'unread', '', '2018-04-04', '12:39:06', 0, 0),
(193, 158, 1, 0, '2018-04-04 12:39:34', 'unread', '', '2018-04-04', '12:39:34', 0, 0),
(194, 158, 1, 0, '2018-04-04 12:40:15', 'unread', '', '2018-04-04', '12:40:15', 0, 0),
(195, 158, 1, 0, '2018-04-04 12:41:31', 'unread', '', '2018-04-04', '12:41:31', 0, 0),
(196, 158, 1, 0, '2018-04-04 12:41:45', 'unread', '', '2018-04-04', '12:41:45', 0, 0),
(197, 158, 1, 0, '2018-04-04 12:43:01', 'unread', '', '2018-04-04', '12:43:01', 0, 0),
(198, 158, 1, 0, '2018-04-04 12:43:09', 'unread', '', '2018-04-04', '12:43:09', 0, 0),
(199, 158, 1, 0, '2018-04-04 12:46:18', 'unread', 'hiiii', '2018-04-04', '12:46:18', 0, 0),
(200, 159, 1, 0, '2018-04-04 12:49:55', 'unread', 'hiiiii', '2018-04-04', '12:49:55', 0, 0),
(201, 159, 1, 0, '2018-04-04 12:50:02', 'unread', 'hwll', '2018-04-04', '12:50:02', 0, 0),
(202, 159, 0, 1, '2018-04-04 12:50:12', 'unread', 'h ru ', '2018-04-04', '12:50:12', 0, 0),
(203, 159, 0, 1, '2018-04-04 12:50:18', 'unread', 'heeeee', '2018-04-04', '12:50:18', 0, 0),
(204, 159, 1, 0, '2018-04-04 12:50:26', 'unread', 'nooooo', '2018-04-04', '12:50:26', 0, 0),
(205, 159, 0, 1, '2018-04-04 12:50:31', 'unread', 'yyyyyyyyyyyyyyyyyyyyyyyy', '2018-04-04', '12:50:31', 0, 0),
(206, 159, 0, 1, '2018-04-04 12:50:36', 'unread', 'uuuuuuuuuuuuuuuuuuuuuuuuuuu', '2018-04-04', '12:50:36', 0, 0),
(207, 159, 0, 1, '2018-04-04 12:50:41', 'unread', 'oooooooooooooooooooo', '2018-04-04', '12:50:41', 0, 0),
(208, 159, 1, 0, '2018-04-04 12:50:50', 'unread', 'ggggggggggggggg', '2018-04-04', '12:50:50', 0, 0),
(209, 159, 1, 0, '2018-04-04 12:50:55', 'unread', 'uuuuuuuuuuuuuuuuuuuuuuuuu', '2018-04-04', '12:50:55', 0, 0),
(210, 159, 1, 0, '2018-04-04 12:51:32', 'unread', 'jjjjjjjjjjjjjjjjjjjjjjjjjjjj', '2018-04-04', '12:51:32', 0, 0),
(211, 159, 0, 1, '2018-04-04 12:51:43', 'unread', 'hhhhhhhhhhhhhhhhhhhhhhhhhhhhhhhhhhh', '2018-04-04', '12:51:43', 0, 0),
(212, 160, 1, 0, '2018-04-04 13:07:49', 'unread', 'hiiiiii', '2018-04-04', '13:07:49', 0, 0),
(213, 160, 0, 1, '2018-04-04 13:08:03', 'unread', 'ffffffffffffffffffffff', '2018-04-04', '13:08:03', 0, 0),
(214, 160, 1, 0, '2018-04-04 13:08:14', 'unread', 'hhhhhhhhhhhhhhhhhhhhhhhhhhhhhh', '2018-04-04', '13:08:14', 0, 0),
(215, 160, 0, 1, '2018-04-04 13:08:21', 'unread', 'nnnnnnnnnnnnnnnnnnnnnnnnnnnnn', '2018-04-04', '13:08:21', 0, 0),
(216, 160, 1, 0, '2018-04-04 13:08:29', 'unread', 'dddddddddddddddd', '2018-04-04', '13:08:29', 0, 0),
(217, 160, 1, 0, '2018-04-04 13:08:32', 'unread', 'bbbbbbbbbbbbbbbbbbbbbbbbbbb', '2018-04-04', '13:08:32', 0, 0),
(218, 160, 0, 1, '2018-04-04 13:08:39', 'unread', 'gggggggggggggggg', '2018-04-04', '13:08:39', 0, 0),
(219, 160, 0, 1, '2018-04-04 13:08:44', 'unread', 'nnnnnnnnnnnnnnnn', '2018-04-04', '13:08:44', 0, 0);

-- --------------------------------------------------------

--
-- Table structure for table `modals`
--

CREATE TABLE `modals` (
  `id` bigint(20) NOT NULL,
  `brand_id` bigint(20) NOT NULL,
  `modalname` varchar(350) COLLATE utf8_unicode_ci NOT NULL,
  `image` varchar(255) COLLATE utf8_unicode_ci NOT NULL,
  `modal_order` int(11) NOT NULL DEFAULT '0',
  `created` timestamp NOT NULL DEFAULT CURRENT_TIMESTAMP ON UPDATE CURRENT_TIMESTAMP
) ENGINE=MyISAM DEFAULT CHARSET=utf8 COLLATE=utf8_unicode_ci;

--
-- Dumping data for table `modals`
--

INSERT INTO `modals` (`id`, `brand_id`, `modalname`, `image`, `modal_order`, `created`) VALUES
(27, 50, 'One M9', 'htc-model.png', 1, '2017-11-28 10:39:23'),
(11, 13, 'Vaio E 14', 'e14.jpg', 0, '2017-08-24 06:57:42'),
(12, 13, 'Vaio E 15', 'e14.jpg', 0, '2017-08-24 06:58:23'),
(13, 14, 'Studio 1 series', '5732d3c7c3f37.jpg', 0, '2017-08-24 06:59:42'),
(14, 14, '33XX Series', '5732d7abab4e7.jpg', 0, '2017-08-24 07:00:53'),
(271, 16, 'iPad Mini', 'tablet-icon.png', 9, '2017-11-30 12:38:09'),
(270, 16, 'iPad Mini 2', 'tablet-icon.png', 8, '2017-11-30 12:38:04'),
(291, 61, 'iMac A1418', 'imac-desktop.png', 0, '2017-11-12 13:39:17'),
(290, 61, 'iMac A1419', 'imac-desktop.png', 0, '2017-11-12 13:38:51'),
(22, 20, 'HP L2', 'index.jpg', 0, '2017-08-24 11:22:15'),
(23, 20, 'Hp notebook 45', 'images.jpg', 0, '2017-08-24 11:23:41'),
(24, 21, 'Dell n1', 'deff.jpg', 0, '2017-08-24 11:25:44'),
(25, 21, 'Dell note3', 'dell1.jpg', 0, '2017-08-24 11:26:43'),
(28, 50, 'One A9', 'htc-model.png', 2, '2017-11-28 10:39:38'),
(29, 50, 'One M8S', 'htc-model.png', 3, '2017-11-28 10:39:45'),
(30, 50, 'One M8', 'htc-model.png', 4, '2017-11-28 10:39:53'),
(31, 50, 'One M7', 'htc-model.png', 5, '2017-11-28 10:40:00'),
(61, 48, 'Xperia Z2', 'sony-model.png', 8, '2017-11-28 10:33:16'),
(62, 48, 'Xperia Z2 Compact', 'sony-model.png', 7, '2017-11-28 10:33:08'),
(63, 48, 'Xperia Z3', 'sony-model.png', 6, '2017-11-28 10:32:31'),
(64, 48, 'Xperia Z3 Plus', 'sony-model.png', 5, '2017-11-28 10:32:22'),
(65, 48, 'Xperia Z3 Compact', 'sony-model.png', 4, '2017-11-28 10:32:10'),
(66, 48, 'Xperia Z5', 'sony-model.png', 3, '2017-11-28 10:31:11'),
(67, 48, 'Xperia Z5 Compact', 'sony-model.png', 2, '2017-11-28 10:31:03'),
(68, 48, 'Xperia Z5 Premium', 'sony-model.png', 1, '2017-11-28 10:30:54'),
(70, 56, 'Moto Z2 Play', 'moto-model.png', 1, '2017-11-30 04:53:30'),
(71, 56, 'Moto X', 'moto-model.png', 3, '2017-11-30 04:55:26'),
(73, 56, 'Moto X Play', 'moto-model.png', 2, '2017-11-30 04:55:23'),
(74, 56, 'Moto X Style', 'moto-model.png', 5, '2017-11-30 04:54:11'),
(75, 56, 'Moto X Force', 'moto-model.png', 6, '2017-11-30 04:54:15'),
(76, 56, 'Moto G5 Plus', 'moto-model.png', 7, '2017-11-30 04:54:32'),
(77, 56, 'Moto G5', 'moto-model.png', 8, '2017-11-30 04:54:35'),
(85, 47, 'Nexus 10', 'nexus-model.png', 1, '2017-11-22 12:39:17'),
(87, 47, 'Nexus 7', 'nexus-model.png', 2, '2017-11-22 12:39:22'),
(88, 47, 'Nexus 6P', 'nexus-model.png', 3, '2017-11-22 12:39:28'),
(89, 47, 'Nexus 6', 'nexus-model.png', 4, '2017-11-22 12:39:33'),
(90, 47, 'Nexus 5X', 'nexus-model.png', 5, '2017-11-22 12:39:37'),
(91, 47, 'Nexus 5', 'nexus-model.png', 6, '2017-11-22 12:39:41'),
(92, 47, 'Nexus 4', 'nexus-model.png', 7, '2017-11-22 12:39:46'),
(93, 59, 'Microsoft Lumia 435', 'microsoft-model.png', 8, '2017-11-30 08:22:16'),
(94, 59, 'Microsoft Lumia 535', 'microsoft-model.png', 7, '2017-11-30 08:22:31'),
(95, 59, 'Microsoft Lumia 550', 'microsoft-model.png', 6, '2017-11-30 08:22:26'),
(96, 59, 'Microsoft Lumia 640', 'microsoft-model.png', 5, '2017-11-30 08:22:20'),
(97, 59, 'Microsoft Lumia 640XL', 'microsoft-model.png', 4, '2017-11-30 08:21:41'),
(98, 59, 'Microsoft Lumia 650', 'microsoft-model.png', 3, '2017-11-30 08:21:36'),
(99, 59, 'Microsoft Lumia 950', 'microsoft-model.png', 2, '2017-11-30 08:21:31'),
(100, 59, 'Microsoft Lumia 950XL', 'microsoft-model.png', 1, '2017-11-30 08:21:25'),
(102, 52, 'Lumia 530', 'nokia-model.png', 14, '2017-11-29 05:24:06'),
(103, 52, 'Lumia 625', 'nokia-model.png', 13, '2017-11-29 05:24:41'),
(104, 52, 'Lumia 635', 'nokia-model.png', 11, '2017-11-29 05:24:46'),
(105, 52, 'Lumia 630', 'nokia-model.png', 12, '2017-11-29 05:24:56'),
(106, 52, 'Lumia 720', 'nokia-model.png', 10, '2017-11-29 05:25:05'),
(107, 52, 'Lumia 735', 'nokia-model.png', 9, '2017-11-29 05:25:13'),
(109, 52, 'Lumia 830', 'nokia-model.png', 8, '2017-11-29 05:26:04'),
(111, 52, 'Lumia 920', 'nokia-model.png', 7, '2017-11-29 05:26:13'),
(113, 52, 'Lumia 930', 'nokia-model.png', 6, '2017-11-29 05:26:19'),
(114, 52, 'Lumia 1520', 'nokia-model.png', 3, '2017-11-29 05:26:30'),
(115, 52, 'Lumia 1320', 'nokia-model.png', 4, '2017-11-29 05:26:49'),
(116, 52, 'Lumia 1020', 'nokia-model.png', 5, '2017-11-29 05:26:45'),
(117, 52, 'Nokia 5', 'nokia-model.png', 2, '2017-11-28 10:20:37'),
(118, 52, 'Nokia 6', 'nokia-model.png', 1, '2017-11-28 10:20:32'),
(135, 55, 'LG G3', 'LG-model.png', 4, '2017-11-29 14:18:41'),
(138, 55, 'LG G4', 'LG-model.png', 3, '2017-11-29 14:18:36'),
(141, 55, 'LG G5', 'LG-model.png', 2, '2017-11-29 14:18:32'),
(145, 55, 'LG G6', 'LG-model.png', 1, '2017-11-29 14:18:28'),
(146, 58, 'Xiaomi Mi 5', 'Xiaomi-model.png', 2, '2017-11-30 06:19:19'),
(147, 58, 'Xiaomi Mi 4', 'Xiaomi-model.png', 4, '2017-11-30 06:19:28'),
(148, 58, 'Xiaomi Mi4i', 'Xiaomi-model.png', 3, '2017-11-30 06:19:23'),
(149, 57, 'OnePlus X', 'one-plus-model.png', 0, '2017-11-20 05:39:16'),
(150, 57, 'OnePlus 3T', 'one-plus-model.png', 0, '2017-11-20 05:39:11'),
(151, 57, 'OnePlus 3', 'one-plus-model.png', 0, '2017-11-20 05:39:06'),
(152, 57, 'OnePlus 2', 'one-plus-model.png', 0, '2017-11-20 05:39:01'),
(153, 57, 'OnePlus One', 'one-plus-model.png', 0, '2017-11-20 05:38:55'),
(161, 54, 'Huawei P7', 'Huawei-model.png', 3, '2017-11-29 12:36:42'),
(162, 54, 'Huawei P8', 'Huawei-model.png', 2, '2017-11-29 12:36:37'),
(172, 54, 'Huawei P9', 'Huawei-model.png', 1, '2017-11-29 12:36:27'),
(173, 49, 'BlackBerry Z10', 'blackberry-model.png', 2, '2017-11-29 11:39:14'),
(174, 49, 'BlackBerry Q10', 'blackberry-model.png', 3, '2017-11-29 11:39:19'),
(175, 49, 'BlackBerry Q5', 'blackberry-model.png', 4, '2017-11-29 11:39:24'),
(176, 49, 'BlackBerry Keynote', 'blackberry-model.png', 1, '2017-11-29 11:39:07'),
(187, 6, 'iPhone 6S Plus', 'iphone.png', 6, '2017-11-22 06:50:03'),
(189, 6, 'iPhone 7', 'iphone.png', 5, '2017-11-22 06:49:58'),
(190, 6, 'iPhone 7 Plus', 'iphone.png', 4, '2017-11-22 06:49:54'),
(225, 25, 'Galaxy A5', 'samsung-model.png', 21, '2017-11-21 11:49:04'),
(227, 25, 'Galaxy A3', 'samsung-model.png', 20, '2017-11-21 11:48:54'),
(229, 25, 'Galaxy Note 4', 'samsung-model.png', 19, '2017-11-21 11:48:47'),
(230, 25, 'Galaxy Note 3', 'samsung-model.png', 18, '2017-11-21 11:48:45'),
(231, 25, 'Galaxy Note 2', 'samsung-model.png', 17, '2017-11-21 11:48:35'),
(232, 25, 'Galaxy S3', 'samsung-model.png', 16, '2017-11-21 11:46:16'),
(233, 25, 'Galaxy S3 Mini', 'samsung-model.png', 15, '2017-11-21 11:46:09'),
(234, 25, 'Galaxy S4', 'samsung-model.png', 14, '2017-11-21 11:46:03'),
(235, 25, 'Galaxy S4 Active', 'samsung-model.png', 13, '2017-11-21 11:45:58'),
(236, 25, 'Galaxy S4 Zoom', 'samsung-model.png', 12, '2017-11-21 11:45:48'),
(237, 25, 'Galaxy S4 Mini', 'samsung-model.png', 11, '2017-11-21 11:45:13'),
(238, 25, 'Galaxy S5', 'samsung-model.png', 10, '2017-11-21 11:45:08'),
(239, 25, 'Galaxy S5 Neo', 'samsung-model.png', 9, '2017-11-21 11:45:02'),
(240, 25, 'Galaxy S5 Mini', 'samsung-model.png', 8, '2017-11-21 11:44:57'),
(241, 25, 'Galaxy S6', 'samsung-model.png', 7, '2017-11-21 11:44:52'),
(242, 25, 'Galaxy S6 Edge', 'samsung-model.png', 6, '2017-11-21 11:43:56'),
(243, 25, 'Galaxy S6 Edge+', 'samsung-model.png', 5, '2017-11-21 11:43:50'),
(244, 25, 'Galaxy S7', 'samsung-model.png', 4, '2017-11-21 11:43:44'),
(245, 25, 'Galaxy S7 Edge', 'samsung-model.png', 3, '2017-11-21 11:43:38'),
(246, 25, 'Galaxy S8', 'samsung-model.png', 2, '2017-11-21 11:43:32'),
(247, 25, 'Galaxy S8 Plus', 'samsung-model.png', 1, '2017-11-21 11:43:29'),
(248, 40, 'MacBOOK AIR 11\'\'', 'laptop.png', 13, '2017-12-01 05:42:26'),
(294, 62, 'Apple Watch', 'Apple-Smart-Watch-icon.png', 0, '2017-11-13 10:10:09'),
(250, 14, 'Latitude 13 Education Series', 'pc-icon.png', 0, '2017-08-27 05:31:56'),
(251, 14, 'Latitude 15 3000series', 'pc-icon.png', 0, '2017-08-27 05:32:16'),
(252, 13, 'Vostro 3450', 'pc-icon.png', 0, '2017-08-27 05:32:41'),
(253, 13, 'Alienware', 'pc-icon.png', 0, '2017-08-27 05:33:14'),
(274, 16, 'iPad 2', 'tablet-icon.png', 12, '2017-11-30 12:39:34'),
(269, 16, 'iPad Mini 3', 'tablet-icon.png', 7, '2017-11-30 12:37:12'),
(268, 16, 'iPad Mini 4', 'tablet-icon.png', 6, '2017-11-30 12:37:07'),
(267, 16, 'iPad Air', 'tablet-icon.png', 5, '2017-11-30 12:36:12'),
(266, 16, 'iPad Air 2', 'tablet-icon.png', 4, '2017-11-30 12:36:08'),
(272, 16, 'iPad 4', 'tablet-icon.png', 10, '2017-11-30 12:39:23'),
(273, 16, 'iPad 3', 'tablet-icon.png', 11, '2017-11-30 12:39:30'),
(263, 16, 'iPad Pro 12.9', 'tablet-icon.png', 1, '2017-11-30 12:34:38'),
(264, 16, 'iPad Pro 10.5', 'tablet-icon.png', 2, '2017-11-30 12:34:42'),
(265, 16, 'iPad Pro 9.7', 'tablet-icon.png', 3, '2017-11-30 12:34:47'),
(275, 16, 'iPad 1', 'tablet-icon.png', 13, '2017-11-30 12:39:40'),
(276, 17, 'Galaxy Tab S2 9.7', 'samsung-tablet-icon.png', 1, '2017-11-30 12:46:44'),
(277, 17, 'Galaxy Tab S2 8.0', 'samsung-tablet-icon.png', 2, '2017-11-30 12:46:50'),
(278, 17, 'Galaxy Tab S 10.5', 'samsung-tablet-icon.png', 3, '2017-11-30 12:47:22'),
(279, 17, 'Galaxy Tab S 8.4', 'samsung-tablet-icon.png', 4, '2017-11-30 12:47:28'),
(280, 17, 'Tab A 9.7 T550', 'samsung-tablet-icon.png', 5, '2017-11-30 12:48:28'),
(281, 17, 'Tab A 9.7 P550', 'samsung-tablet-icon.png', 6, '2017-11-30 12:48:35'),
(282, 17, 'Galaxy Tab A', 'samsung-tablet-icon.png', 7, '2017-11-30 12:53:53'),
(283, 17, 'Galaxy Tab 4 10.1', 'samsung-tablet-icon.png', 8, '2017-11-30 13:00:28'),
(284, 17, 'Galaxy Tab 4 7.0', 'samsung-tablet-icon.png', 9, '2017-11-30 13:00:48'),
(285, 17, 'Tab 3 8.0', 'samsung-tablet-icon.png', 10, '2017-11-30 13:01:50'),
(286, 17, 'Tab 3 7.0', 'samsung-tablet-icon.png', 11, '2017-11-30 13:01:55'),
(287, 17, 'Tab 2 10.1', 'samsung-tablet-icon.png', 12, '2017-11-30 13:02:47'),
(288, 17, 'Tab 2 7.0', 'samsung-tablet-icon.png', 13, '2017-11-30 13:02:48'),
(289, 17, 'Tab P1000', 'samsung-tablet-icon.png', 14, '2017-11-30 13:02:53'),
(292, 61, 'iMac A1312', 'imac-desktop.png', 0, '2017-11-12 13:39:57'),
(293, 61, 'iMac A1311', 'imac-desktop.png', 0, '2017-11-12 13:40:29'),
(295, 62, 'Apple Watch Series 1', 'Apple-Smart-Watch-icon.png', 0, '2017-11-13 10:10:24'),
(296, 62, 'Apple Watch Series 2', 'Apple-Smart-Watch-icon.png', 0, '2017-11-13 10:10:54'),
(297, 62, 'Apple Watch Series 3', 'Apple-Smart-Watch-icon.png', 0, '2017-11-13 10:11:21'),
(298, 63, 'Samsung Galaxy Gear', 'samsung-smart-watch.png', 0, '2017-11-13 10:22:36'),
(299, 63, 'Samsung Gear 2 Neo', 'samsung-smart-watch.png', 0, '2017-11-13 10:22:53'),
(300, 63, 'Samsung Gear 2', 'samsung-smart-watch.png', 0, '2017-11-13 10:23:13'),
(301, 63, 'Samsung Gear Fit', 'samsung-smart-watch.png', 0, '2017-11-13 10:23:32'),
(302, 63, 'Samsung Gear Fit2', 'samsung-smart-watch.png', 0, '2017-11-13 10:23:50'),
(303, 63, 'Samsung Gear S', 'samsung-smart-watch.png', 0, '2017-11-13 10:24:10'),
(304, 63, 'Samsung Gear S2', 'samsung-smart-watch.png', 0, '2017-11-13 10:24:39'),
(305, 64, 'Asus ZenWatch 2', 'asus-Smart-Watch.png', 0, '2017-11-13 10:30:11'),
(306, 6, 'iPhone 8', 'iphone.png', 3, '2017-11-22 06:49:50'),
(307, 6, 'iPhone 8 Plus', 'iphone.png', 2, '2017-11-22 06:49:44'),
(311, 6, 'iPhone X', 'iphone.png', 1, '2017-11-22 06:49:12'),
(312, 6, 'iPhone 6S', 'iphone.png', 7, '2017-11-22 06:52:03'),
(313, 6, 'iPhone 6 Plus', 'iphone.png', 8, '2017-11-22 06:52:33'),
(314, 6, 'iPhone 6', 'iphone.png', 9, '2017-11-22 06:52:55'),
(315, 6, 'iPhone SE', 'iphone.png', 10, '2017-11-22 06:53:47'),
(316, 6, 'iPhone 5S', 'iphone.png', 11, '2017-11-22 06:54:16'),
(317, 6, 'iPhone 5', 'iphone.png', 13, '2017-12-20 12:03:03'),
(318, 6, 'iPhone 4S', 'iphone.png', 14, '2017-12-20 12:03:15'),
(319, 58, 'Xiaomi Mi 6', 'Xiaomi-model.png', 1, '2017-11-30 06:18:48'),
(320, 40, 'MacBook Air A1469', 'laptop.png', 1, '2017-12-01 05:41:44'),
(321, 40, 'MacBook Air A1466', 'laptop.png', 2, '2017-12-01 05:43:09'),
(322, 40, 'MacBook Air A1370', 'laptop.png', 3, '2017-12-01 05:43:41'),
(323, 40, 'MacBook Air A1304', 'laptop.png', 4, '2017-12-01 05:44:22'),
(324, 40, 'MacBook Air A1297', 'laptop.png', 5, '2017-12-01 05:44:50'),
(325, 40, 'MacBook Air A1237', 'laptop.png', 6, '2017-12-01 05:45:22'),
(326, 40, 'MacBook Pro A1297', 'laptop.png', 7, '2017-12-01 05:46:38'),
(327, 40, 'MacBook Pro A1286', 'laptop.png', 8, '2017-12-01 05:47:39'),
(328, 40, 'MacBook Pro A1278', 'laptop.png', 9, '2017-12-01 05:48:03'),
(329, 40, 'MacBook Pro A1276', 'laptop.png', 10, '2017-12-01 13:18:48'),
(330, 40, 'MacBook Pro 15"', 'laptop.png', 11, '2017-12-01 05:49:06'),
(331, 40, 'MacBook Pro 13"', 'laptop.png', 12, '2017-12-01 05:49:44'),
(332, 6, 'iPhone 5C', 'iphone.png', 12, '2017-12-20 12:11:44'),
(333, 6, 'iPhone 4', 'iphone.png', 15, '2017-12-20 12:11:35'),
(334, 6, 'iPhone 3G', 'iphone.png', 16, '2017-12-20 12:11:24');

-- --------------------------------------------------------

--
-- Table structure for table `orders`
--

CREATE TABLE `orders` (
  `id` int(11) NOT NULL,
  `brand` varchar(255) COLLATE utf8_unicode_ci NOT NULL,
  `model` varchar(255) COLLATE utf8_unicode_ci NOT NULL,
  `color` varchar(255) COLLATE utf8_unicode_ci NOT NULL,
  `issue` varchar(255) COLLATE utf8_unicode_ci NOT NULL,
  `cname` varchar(255) COLLATE utf8_unicode_ci NOT NULL,
  `email` varchar(255) COLLATE utf8_unicode_ci NOT NULL,
  `phone` varchar(255) COLLATE utf8_unicode_ci NOT NULL,
  `call_time` varchar(255) COLLATE utf8_unicode_ci NOT NULL,
  `vendor_id` int(11) NOT NULL,
  `site_user_id` int(11) DEFAULT NULL,
  `device` int(11) NOT NULL,
  `service` int(11) NOT NULL,
  `walkingdatetime` datetime NOT NULL,
  `address` text COLLATE utf8_unicode_ci NOT NULL,
  `post_code` varchar(255) COLLATE utf8_unicode_ci NOT NULL,
  `message` text COLLATE utf8_unicode_ci NOT NULL,
  `branch` varchar(255) COLLATE utf8_unicode_ci NOT NULL,
  `office` int(11) NOT NULL,
  `price` float(10,2) NOT NULL,
  `service_price` float(10,2) NOT NULL,
  `issue_price` float(10,2) NOT NULL,
  `datetime` timestamp NOT NULL DEFAULT CURRENT_TIMESTAMP ON UPDATE CURRENT_TIMESTAMP,
  `status` varchar(40) COLLATE utf8_unicode_ci NOT NULL DEFAULT 'pending'
) ENGINE=InnoDB DEFAULT CHARSET=utf8 COLLATE=utf8_unicode_ci;

--
-- Dumping data for table `orders`
--

INSERT INTO `orders` (`id`, `brand`, `model`, `color`, `issue`, `cname`, `email`, `phone`, `call_time`, `vendor_id`, `site_user_id`, `device`, `service`, `walkingdatetime`, `address`, `post_code`, `message`, `branch`, `office`, `price`, `service_price`, `issue_price`, `datetime`, `status`) VALUES
(43, '6', '190', 'Black', '6,5', 'Riky', 'buyer5@resetfoods.com', '987634567', '', 6, NULL, 10, 2, '2017-11-22 13:43:00', '', '', 'hjkmhgjkgj', '', 6, 126.98, 0.00, 126.98, '2017-11-20 08:16:03', 'pending'),
(44, '25', '247', 'White', '200', '', '', '', '', 6, NULL, 10, 2, '2017-11-22 08:47:00', '', '', '', '', 7, 98.99, 0.00, 98.99, '2017-11-22 08:48:34', 'pending'),
(45, '6', '190', 'White', '5,6', 'jvf g', 'vhb@df.com', '15465621535', '', 6, NULL, 10, 2, '2017-11-22 14:22:00', '', '', 'gcd ', '', 9, 126.98, 0.00, 126.98, '2017-11-22 08:58:53', 'pending'),
(46, '6', '190', 'White', '30,27', 'xx', 'xxxxx@gmail.com', '33333333', '', 0, NULL, 10, 3, '0000-00-00 00:00:00', '  dccc', 'xcscsdc', '', '', 0, 170.98, 5.00, 165.98, '2017-11-22 18:26:43', 'pending'),
(47, '61', '291', 'White', '74', 'abc', 'kk@gmail.com', '45456456', '', 6, NULL, 37, 2, '2017-11-23 18:20:00', '', '', '', '', 6, 0.00, 0.00, 0.00, '2017-11-23 18:21:01', 'pending'),
(48, '6', '190', 'White', '7,6', 'amit', 'amit@pcgarage.uk.com', '9650447798', '', 6, NULL, 10, 2, '2017-11-27 02:00:00', '', '', 'csdsafdsads', '', 6, 125.98, 0.00, 125.98, '2017-11-27 09:37:03', 'pending'),
(49, '6', '190', 'Black', '6,5', 'nitesh', 'vishal.mehta@reputation.ca', '23235264354', '', 6, NULL, 10, 2, '2017-11-28 01:30:00', '', '', 'dfsdfsdf', '', 6, 126.98, 0.00, 126.98, '2017-11-27 10:08:39', 'pending'),
(50, '6', '312', 'White', '280', 'Kamilla Toth', 'tothmilla@gmail.com', '36301834441', '', 6, NULL, 10, 2, '2017-11-27 12:04:00', '', '', '', '', 0, 68.99, 0.00, 68.99, '2017-11-27 12:06:51', 'pending'),
(51, '6', '306', 'White', '26', 'saf', 'saf@pcgarage.uk.com', '054787547873333', '', 6, NULL, 10, 2, '2017-12-01 11:02:00', '', '', '', '', 0, 57.99, 0.00, 57.99, '2017-12-01 11:03:45', 'pending'),
(52, '6', '317', 'Gold', '313', 'Vasco Cruz', 'vascocruz91@gmail.com', '7856373844', '', 6, NULL, 10, 2, '2017-12-05 00:58:00', '', '', 'Dear Sir, \n\nI´m having troubles since this afternoon in charging my iPhone. I tried several chargers and I came to the conclusion that may be a problem of my port.\n\nI will walk in between tomorrow and after tomorrow to have a personal to know what´s the best solution for this specific issue.\n\nKindest Regards,\nVasco Cruz', '', 0, 33.99, 0.00, 33.99, '2017-12-05 01:02:13', 'pending'),
(53, '40', '320', 'White', '868', 'amit', 'amitparmar98@gmail.com', '9650447798', '', 6, NULL, 12, 2, '2017-12-06 17:38:00', '', '', '', '', 0, 315.99, 0.00, 315.99, '2017-12-06 12:09:13', 'pending'),
(54, '6', '189', 'White', '39', 'ewewe', 'dwfdafasff@hotmail.com', '1159417777', '', 6, NULL, 10, 2, '2017-12-07 16:07:00', '', '', '', '', 9, 102.99, 0.00, 102.99, '2017-12-07 16:10:09', 'pending'),
(55, '6', '189', 'White', '39', 'ewewe', 'dwfdafasff@hotmail.com', '1159417777', '', 6, NULL, 10, 2, '2017-12-07 16:07:00', '', '', '', '', 9, 102.99, 0.00, 102.99, '2017-12-07 16:12:51', 'pending'),
(56, '6', '187', 'Black', '58', 'Fatima Gaffar', 'ahmerimtiaz@yahoo.com', '07500677706', '', 5, NULL, 10, 2, '2017-12-12 20:52:00', '', '', '', '', 0, 46.99, 0.00, 46.99, '2017-12-12 21:02:59', 'pending'),
(57, '6', '312', 'White', '280', 'ersin incegoz', 'ersinincegoz@hotmail.co.uk', '07402264720', '', 9, NULL, 10, 2, '2017-12-16 02:00:00', '', '', 'Cracked iphone 6s Screen - How long does it take for it to be repaired?', '', 0, 68.99, 0.00, 68.99, '2017-12-15 13:49:17', 'pending'),
(58, '6', '187', 'Gold', '58', 'Clare', 'bluebell83@icloud.com', '07715889231', '', 8, NULL, 10, 2, '2017-12-18 09:00:00', '', '', '', '', 8, 46.99, 0.00, 46.99, '2017-12-17 11:55:04', 'pending'),
(59, '6', '187', 'Gold', '58', 'Clare', 'bluebell83@icloud.com', '07715889231', '', 8, NULL, 10, 2, '2017-12-18 09:00:00', '', '', '', '', 8, 46.99, 0.00, 46.99, '2017-12-17 16:42:35', 'pending'),
(60, '6', '313', 'Gold', '1143', 'Sandra Francourt', 'sandraf71@gmail.com', '07531714005', '', 7, NULL, 10, 2, '2017-12-26 10:15:00', '', '', 'Loudspeaker works but is muffled. Not  sure if it is dirt or needs repairing. I am a regular customer. Thanks. Sandra', '', 7, 39.99, 0.00, 39.99, '2017-12-26 10:19:10', 'pending'),
(61, '6', '189', 'Black', '39', 'Trissy', 'tahawker@gmail.com', '07827911839', '', 6, NULL, 10, 2, '2017-12-29 21:45:00', '', '', 'ASAP please', '', 0, 64.99, 0.00, 64.99, '2017-12-29 21:47:30', 'pending'),
(62, '6', '187', 'White', '58', 'Marylee Gemayel', 'mleejamil@gmail.com', '07874143006', '', 7, NULL, 10, 2, '2018-01-02 00:29:00', '', '', 'Broken IPhone screen. Spoke to a man on the phone who said I won\'t be charged more than £59.99\nAm coming tomorrow by 6 pm', '', 7, 59.99, 0.00, 59.99, '2018-01-02 00:30:34', 'pending'),
(63, '40', '320', 'White', '873,872', 'amit', 'amazonkensalrise@gmail.com', '0781222222', '', 6, NULL, 12, 2, '2018-01-05 15:00:00', '', '', 'I want the price list.', '', 6, 289.98, 0.00, 289.98, '2018-01-03 16:54:34', 'pending'),
(64, '6', '311', 'White', '279', 'Amit Parmar', 'amitparmar98@gmail.com', '9650447798', '', 6, NULL, 10, 2, '2018-01-03 23:05:00', '', '', '', '', 0, 315.99, 0.00, 315.99, '2018-01-03 17:35:35', 'pending'),
(65, '6', '312', 'Gold', '280', 'Yueqi Na', 'nayueqi@hotmail.co.uk', '07871658415', '', 9, NULL, 10, 2, '2018-01-05 18:30:00', '', '', 'my screen was crashed ', '', 0, 54.99, 0.00, 54.99, '2018-01-03 21:50:54', 'pending'),
(66, '6', '312', 'Grey', '280', 'Hollie Evans-Cripps', 'hollie_evanscripps@yahoo.co.uk', '07774576552', '', 5, NULL, 10, 2, '2018-01-06 14:46:00', '', '', 'Is it possible to pick up the phone the same day that I drop it off?', '', 5, 54.99, 0.00, 54.99, '2018-01-06 14:48:07', 'pending'),
(67, '6', '189', 'Black', '39', 'Richa Patel', 'richapatel126@gmail.com', '07407263697', '', 5, NULL, 10, 2, '2018-01-07 03:00:00', '', '', 'I want to fix my broken screen ', '', 5, 64.99, 0.00, 64.99, '2018-01-07 13:56:59', 'pending'),
(68, '57', '150', 'Grey', '740', 'Henry Cust', 'henbobb@gmail.com', '7949391125', '', 6, NULL, 10, 2, '2018-01-12 08:30:00', '', '', 'LCD screen needs replacing', '', 0, 146.99, 0.00, 146.99, '2018-01-12 07:30:19', 'pending'),
(69, '6', '311', 'Grey', '279', 'Rajesh Kumar', 'raj@yogyogi.com', '9034211068', '', 8, NULL, 10, 2, '2018-01-23 15:27:00', '', '', 'Please fill the form to get your reference number for walk in service! ', '', 0, 315.99, 0.00, 315.99, '2018-01-23 10:07:28', 'process'),
(70, '6', '312', 'Black', '282', 'Rajesh Kumar', 'raj.saini15@gmail.com', '9034211068', '', 0, NULL, 10, 3, '0000-00-00 00:00:00', 'Delhi India', '132041', 'Please fill the form to get your reference number for mail in repair service ! ', '', 0, 34.99, 5.00, 29.99, '2018-01-23 10:17:33', 'process'),
(71, '6', '187', 'Black', '60,58,54', 'Gabriel', 'gabe_grant@hotmail.co.uk', '07815534768', '', 5, NULL, 10, 2, '2018-01-25 16:30:00', '', '', 'My black iphone 6s plus will not charge, plus the screen is broken. I think the reason for it not charging could be water damage. Please email me asap as i cant receive calls', '', 5, 124.97, 0.00, 124.97, '2018-01-24 20:44:36', 'pending'),
(72, '6', '313', 'White', '288,287,286', 'amit', 'amitparmar98@gmail.com', '9650447798', '', 6, NULL, 10, 2, '2018-01-25 11:40:00', '', '', 'My Phone is broken', '', 0, 139.97, 0.00, 139.97, '2018-01-25 06:12:30', 'pending'),
(73, '6', '190', 'Grey', '1104,1105', 'NItesh kumar', 'vishal.mehta@reputation.com', '9632587410', '', 5, NULL, 10, 2, '2018-01-26 13:56:00', '', '', 'PLEASE LET ME THE FARE PRICE', '', 0, 94.98, 0.00, 94.98, '2018-01-25 08:31:47', 'pending'),
(74, '40', '321', 'Grey', '881,878', 'NItesh kumar', 'vishal.mehta@reputation.com', '3432564654457', '', 0, NULL, 12, 3, '0000-00-00 00:00:00', 'chinpokly', '1236540', 'with care', '', 0, 230.98, 5.00, 225.98, '2018-01-25 09:55:41', 'pending'),
(75, '16', '264', 'Grey', '155,158,79,80', 'NItesh kumar', 'avistcengg@gmail.com', '435345345435', '', 0, NULL, 15, 3, '0000-00-00 00:00:00', '78 mall road shimla', '3423423', 'dfgdsfgsdfgdsgdgf', '', 0, 202.98, 5.00, 197.98, '2018-01-25 10:03:12', 'pending'),
(76, '48', '63', 'Black', '549,546', 'NItesh kumar', 'avistcengg@gmail.com', '4343434343', '', 0, NULL, 10, 3, '0000-00-00 00:00:00', '9635-A mollon street', '24334', 'dsgsdgsdg\nsdgsdgsd', '', 0, 121.98, 5.00, 116.98, '2018-01-25 10:16:41', 'pending'),
(77, '48', '63', 'Black', '549,546', 'NItesh kumar', 'avistcengg@gmail.com', '4343434343', '', 0, NULL, 10, 3, '0000-00-00 00:00:00', '9635-A mollon street', '24334', 'dsgsdgsdg\nsdgsdgsd', '', 0, 121.98, 5.00, 116.98, '2018-01-25 10:19:24', 'pending'),
(78, '6', '312', 'White', '283,282', 'Hayley lock', 'hayleyelizabethlock@outlook.com', '07903006566', '', 8, NULL, 10, 2, '2018-01-26 12:36:00', '', '', '', '', 0, 59.98, 0.00, 59.98, '2018-01-26 12:38:29', 'pending'),
(79, '6', '189', 'White', '39', 'Erika ', 'erika_hunter90@hotmail.co.uk', '07447501764', '', 7, NULL, 10, 2, '2018-01-29 09:30:00', '', '', 'Would like to repair my broken screen and would like it by then end of the day if possible ', '', 7, 64.99, 0.00, 64.99, '2018-01-29 07:11:42', 'pending'),
(80, '6', '187', 'White', '56', 'AAAA', 'amitparmar98@gmail.com', '09650447798', '', 6, NULL, 10, 2, '2018-01-29 16:44:00', '', '', '', '', 0, 29.99, 0.00, 29.99, '2018-01-29 11:18:17', 'pending'),
(82, '6', '311', 'White', '279', 'AAAA', 'INFO@PCGARAGE.UK.COM', '09650447799', '', 0, NULL, 10, 3, '0000-00-00 00:00:00', 'Gggg', '', '', '', 0, 320.99, 5.00, 315.99, '2018-01-29 12:42:49', 'pending'),
(83, '6', '306', 'White', '26', 'dsdfds', 'amitparmar98@hotmail.com', '9650447798', '', 6, NULL, 10, 2, '2018-01-29 22:28:00', 'dsfdsfsd', '', '', '', 0, 49.99, 0.00, 49.99, '2018-01-29 17:02:39', 'pending'),
(84, '6', '307', 'Black', '1066', 'lsq trial', 'lsqtrial12345@gmail.com', '8860526755', '', 7, NULL, 10, 2, '2018-02-22 10:26:00', 'Bengaluru, HSR Layout ', '560034', '123', '', 0, 65.99, 0.00, 65.99, '2018-02-22 04:58:32', 'pending'),
(85, '6', '307', 'Black', '1064,1062,1063', 'niotesh', 'allen@gmaul.com', '8528528521', '', 8, NULL, 10, 2, '2018-02-23 13:12:00', 'dfhsdfh', '963254', 'zxvzxvzvxcvxc', '', 0, 191.97, 0.00, 191.97, '2018-02-22 09:42:02', 'pending'),
(86, '40', '321', 'Grey', '878,877', 'NItesh kumar', 'nits.micromaxx@gmail.com', '5678905678', '', 0, NULL, 12, 3, '0000-00-00 00:00:00', 'ASDASFD', '963254', 'vbnmvbmvbmvbm', '', 0, 428.98, 5.00, 423.98, '2018-02-22 09:43:51', 'pending'),
(87, '25', '241', 'White', '233', 'Ramakrishnan', '123@12.com', '960052379', '', 0, NULL, 10, 3, '0000-00-00 00:00:00', 'Bengaluru, HSR Layout ', '560034', 'Urgent', '', 0, 190.99, 5.00, 185.99, '2018-02-22 10:10:34', 'pending'),
(88, '25', '241', 'White', '233', 'Ramakrishnan', '123@12.com', '960052379', '', 0, NULL, 10, 3, '0000-00-00 00:00:00', 'Bengaluru, HSR Layout ', '560034', 'Urgent', '', 0, 190.99, 5.00, 185.99, '2018-02-22 10:12:09', 'pending'),
(89, '61', '293', 'White', '93,91,90', 'Ramakrishnan', '123@12.com', '9600577254', '', 6, NULL, 37, 2, '2018-02-22 15:41:00', 'Bengaluru, HSR Layout ', '', '123test', '', 0, 0.00, 0.00, 0.00, '2018-02-22 10:13:18', 'pending'),
(90, '62', '295', 'White', '976', 'Shaju', '987@321.com', '7780976854', '', 0, NULL, 38, 3, '0000-00-00 00:00:00', 'Manchester ', '123456', '123', '', 0, 77.99, 5.00, 72.99, '2018-02-22 10:16:40', 'pending'),
(91, '6', '307', 'White', '1063', 'rama', '12345678@test.com', '8860526755', '', 0, NULL, 10, 3, '0000-00-00 00:00:00', 'bengaluru ', '560034', 'test', '', 0, 60.99, 5.00, 55.99, '2018-02-23 06:14:30', 'pending'),
(92, '6', '307', 'White', '1063', 'rama', '12345678@test.com', '8860526755', '', 0, NULL, 10, 3, '0000-00-00 00:00:00', 'bengaluru ', '560034', 'test', '', 0, 60.99, 5.00, 55.99, '2018-02-23 06:52:28', 'pending'),
(93, '6', '312', 'White', '282', '123', 'asd@123.com', '123', '', 6, NULL, 10, 2, '2018-02-23 12:21:00', 'asd', 'asd', '123', '', 0, 29.99, 0.00, 29.99, '2018-02-23 06:53:10', 'pending'),
(94, '6', '306', 'Grey', '1087,26', 'yuvraj', 'yuvraj@gmail.com', '7410852036', '', 7, NULL, 10, 2, '2018-02-23 13:00:00', 'Hno. 89/A modal town', '109871', 'testing form again', '', 0, 109.98, 0.00, 109.98, '2018-02-23 07:32:38', 'pending'),
(95, '6', '311', 'White', '279', 'amit parmar', 'amitparmar98@gmail.com', '09650447798', '', 0, NULL, 10, 3, '0000-00-00 00:00:00', '1903-P, sec 45', '122002', '', '', 0, 320.99, 5.00, 315.99, '2018-02-23 16:24:25', 'pending'),
(96, '6', '311', 'White', '279', 'amit parmar', 'amitparmar98@gmail.com', '09650447798', '', 0, NULL, 10, 3, '0000-00-00 00:00:00', '1903-P, sec 45', '122002', '', '', 0, 320.99, 5.00, 315.99, '2018-02-23 16:24:29', 'pending'),
(97, '6', '311', 'White', '279', 'amit parmar', 'amitparmar98@gmail.com', '09650447798', '', 0, NULL, 10, 3, '0000-00-00 00:00:00', '1903-P, sec 45', '122002', '', '', 0, 320.99, 5.00, 315.99, '2018-02-23 16:24:30', 'pending'),
(98, '6', '311', 'White', '279', 'amit parmar', 'amitparmar98@gmail.com', '09650447798', '', 0, NULL, 10, 3, '0000-00-00 00:00:00', '1903-P, sec 45', '122002', '', '', 0, 320.99, 5.00, 315.99, '2018-02-23 16:28:11', 'pending'),
(99, '6', '314', 'Gold', '1165,292', 'Shubham Jangid', 'jangids5@yahoo.com', '07909411774', '', 0, NULL, 10, 3, '0000-00-00 00:00:00', 'U3D Seething wells, Portsmouth road, Surbiton. KT6 5PJ', 'KT6 5PJ', 'Cracked screen and bent phone', '', 0, 106.98, 5.00, 101.98, '2018-02-26 07:33:32', 'pending'),
(100, '6', '307', 'Black', '1064,1063', 'NItesh kumar', 'gurpreet.avis7@gmail.com', '9632587410', '', 8, NULL, 10, 2, '2018-03-15 12:11:00', '56-A Mall Road,Fullbhag', '109871', 'vnfvnfnvn', '', 0, 121.98, 0.00, 121.98, '2018-03-07 07:27:27', 'pending'),
(101, '6', '311', 'Black', '279', 'akash', 'yuvi.unique@gmail.com', '465465465', '', 5, NULL, 10, 2, '2018-03-07 16:45:00', 'india', '144005', 'hii', '', 0, 315.99, 0.00, 315.99, '2018-03-07 11:15:50', 'pending'),
(102, '6', '189', 'White', '33', 'test', 'sarosh53@hotmail.com', '090909090', '', 6, NULL, 10, 2, '2018-03-08 01:00:00', 'kdjfkafd', 'jkjkjk', 'this form must have the field name such as , book appointment date or time\r\ncolour\r\nand it must recognise post code rather than typing anything and it accepts  the rest basket checkout option to add more item into check out and continue shopping etc \r\n', '', 9, 49.99, 0.00, 49.99, '2018-03-08 13:56:06', 'pending'),
(103, '6', '311', 'White', '279', 'saf', 'saf@pcgarage.uk.com', '9650447798', '', 6, NULL, 10, 2, '2018-03-08 19:31:00', '', '', '', '', 0, 315.99, 0.00, 315.99, '2018-03-08 14:02:52', 'pending'),
(104, '6', '306', 'White', '1086,26', 'amit parmar', 'amitparmar98@gmail.com', '9650447798', '', 6, NULL, 10, 2, '2018-03-09 17:01:00', '1903-P, sec 45', '122003', '', '', 0, 69.98, 0.00, 69.98, '2018-03-09 11:50:04', 'pending'),
(105, '6', '311', 'Black', '279', 'yuvraj', 'yuvi.unique@gmail.com', '65465465', '', 6, NULL, 10, 2, '2018-03-21 11:33:00', 'punjab', '12345', 'hii', '', 0, 315.99, 0.00, 315.99, '2018-03-12 06:03:59', 'pending'),
(106, '6', '311', 'Grey', '279', 'akash', 'yuvi.unique1@gmail.com', '43543543', '', 8, NULL, 10, 2, '2018-03-22 12:31:00', 'india', '123434', 'hiiiiii', '', 0, 315.99, 0.00, 315.99, '2018-03-12 07:02:31', 'pending'),
(107, '6', '311', 'Gold', '279', 'raj', 'raj@gmail.com', '4354354', '', 9, 7, 10, 2, '2018-03-14 15:49:00', 'punjab', '12345', 'hiii', '', 0, 315.99, 0.00, 315.99, '2018-03-13 10:21:03', 'pending'),
(108, '6', '311', 'Gold', '279', 'raj', 'raj@gmail.com', '4354354', '', 9, 7, 10, 2, '2018-03-14 15:49:00', 'punjab', '12345', 'hiii', '', 0, 315.99, 0.00, 315.99, '2018-03-13 10:27:22', 'pending'),
(109, '6', '311', 'Grey', '279', 'yuvraj', 'yuvraj@gmail.com', '6656546546', '', 8, 8, 10, 2, '2018-03-13 18:51:00', 'india', '5435435', 'hii', '', 0, 315.99, 0.00, 315.99, '2018-03-13 13:23:31', 'pending'),
(110, '6', '311', 'Grey', '279', 'yuvraj', 'yuvraj@gmail.com', '6656546546', '', 8, 8, 10, 2, '2018-03-13 18:51:00', 'india', '5435435', 'hii', '', 0, 315.99, 0.00, 315.99, '2018-03-13 13:24:15', 'pending'),
(111, '6', '307', 'White', '1063', 'Amit Parmar', 'amitparmar98@gmail.com', '09650447798', '', 0, 9, 10, 3, '0000-00-00 00:00:00', '1903-P, Sector 45', '122003', '', '', 0, 60.99, 5.00, 55.99, '2018-03-14 05:56:27', 'pending'),
(112, '6', '311', 'Black', '279', 'NItesh kumar', 'nitesh@gmail.com', '7696837929', '', 5, 10, 10, 2, '2018-03-22 11:55:00', '56-A Mall Road,Fullbhag', '109871', 'Hi test user creation test', '', 0, 315.99, 0.00, 315.99, '2018-03-14 06:33:48', 'pending'),
(113, '6', '311', 'Grey', '279', 'yuvraj', 'yuvraj@gmail.com', '6656546546', '', 8, 8, 10, 2, '2018-03-13 18:51:00', 'india', '5435435', 'hii', '', 0, 315.99, 0.00, 315.99, '2018-03-14 07:02:42', 'pending'),
(114, '6', '311', 'Grey', '279', 'ravi', 'ravi@gmail.com', '656546', '', 7, 11, 10, 2, '2018-03-22 12:36:00', 'india', '3243', 'hiiiii', '', 0, 315.99, 0.00, 315.99, '2018-03-14 07:07:21', 'pending'),
(115, '6', '311', 'Grey', '279', 'ravi', 'ravi@gmail.com', '656546', '', 7, 11, 10, 2, '2018-03-22 12:36:00', 'india', '3243', 'hiiiii', '', 0, 315.99, 0.00, 315.99, '2018-03-14 07:08:16', 'pending'),
(116, '6', '311', 'Grey', '279', 'ravi', 'ravi@gmail.com', '656546', '', 7, 11, 10, 2, '2018-03-22 12:36:00', 'india', '3243', 'hiiiii', '', 0, 315.99, 0.00, 315.99, '2018-03-14 08:08:28', 'pending'),
(117, '6', '311', 'Grey', '279', 'ravi', 'ravi@gmail.com', '656546', '', 7, 11, 10, 2, '2018-03-22 12:36:00', 'india', '3243', 'hiiiii', '', 0, 315.99, 0.00, 315.99, '2018-03-14 08:09:29', 'pending'),
(118, '6', '311', 'Grey', '279', 'ravi', 'ravi@gmail.com', '656546', '', 7, 11, 10, 2, '2018-03-22 12:36:00', 'india', '3243', 'hiiiii', '', 0, 315.99, 0.00, 315.99, '2018-03-14 08:25:32', 'pending'),
(119, '6', '190', 'Grey', '1108,1109', 'ravi', 'ravi@gmail.com', '656546', '', 7, 11, 10, 2, '2018-03-22 12:36:00', 'india', '3243', '', '', 0, 119.98, 0.00, 119.98, '2018-03-14 11:20:03', 'pending'),
(120, '47', '91', 'Grey', '396,399', 'ravi', 'ravi@gmail.com', '656546', '', 7, 11, 10, 2, '2018-03-22 12:36:00', 'india', '3243', '', '', 0, 155.98, 0.00, 155.98, '2018-03-14 11:34:42', 'pending'),
(121, '61', '290', 'Grey', '81,83,80', 'ravi', 'ravi@gmail.com', '656546', '', 7, 11, 37, 2, '2018-03-22 12:36:00', 'india', '3243', '', '', 0, 0.00, 0.00, 0.00, '2018-03-14 11:39:44', 'pending'),
(122, '6', '311', 'Grey', '279', 'ravi', 'ravi@gmail.com', '656546', '', 7, 11, 10, 2, '2018-03-22 12:36:00', 'india', '3243', '', '', 0, 315.99, 0.00, 315.99, '2018-03-14 13:31:38', 'pending'),
(123, '50', '28', 'White', '575', 'Amit Parmar', 'asd@gmail.com', '9650447798', '', 6, 12, 10, 2, '2018-03-17 12:51:00', '1903-P, Sector 45', '122003', '', '', 0, 97.99, 0.00, 97.99, '2018-03-17 07:24:12', 'pending'),
(124, '6', '307', 'Black', '1064,1063', 'NItesh kumar', 'avistcengg@gmail.com', '7696837929', '', 5, 10, 10, 2, '2018-03-22 11:55:00', '56-A Mall Road,Fullbhag', '109871', 'testing leadsquad and admin email', '', 0, 121.98, 0.00, 121.98, '2018-03-17 10:28:22', 'pending'),
(125, '6', '313', 'White', '286', 'tina bij', 'fff@gmail.com', '9999999999', '', 6, 13, 10, 2, '2018-03-22 22:35:00', '6666', '', '', '', 0, 59.99, 0.00, 59.99, '2018-03-22 17:07:12', 'pending'),
(126, '6', '307', 'Black', '1067,1063', 'NItesh kumar', 'nitesh@gmail.com', '7696837929', '', 5, 10, 10, 2, '2018-03-22 11:55:00', '56-A Mall Road,Fullbhag', '109871', 'blackbox testing', '', 0, 125.98, 0.00, 125.98, '2018-03-23 10:46:03', 'pending'),
(127, '6', '307', 'Black', '1067,1063', 'NItesh kumar', 'nitesh@gmail.com', '7696837929', '', 5, 10, 10, 2, '2018-03-22 11:55:00', '56-A Mall Road,Fullbhag', '109871', 'blackbox testing', '', 0, 125.98, 0.00, 125.98, '2018-03-23 10:46:25', 'pending'),
(128, '6', '306', 'Black', '1084,1087', 'NItesh', 'nitesh@gmail.com', '9632587412', '', 0, 14, 10, 3, '0000-00-00 00:00:00', '89 fullbhag', '963258', 'blackbox testing of mail in repair service', '', 0, 134.98, 5.00, 129.98, '2018-03-23 11:00:40', 'pending'),
(129, '6', '311', 'Black', '279', 'yuvraj', 'yuvi.unique@gmail.com', '99080800', '', 7, 15, 10, 2, '2018-03-23 18:08:00', 'india', '12345', 'hii', '', 0, 315.99, 0.00, 315.99, '2018-03-23 12:38:51', 'pending'),
(130, '6', '311', 'Black', '279', 'yuvraj', 'yuvi.unique@gmail.com', '99080800', '', 7, 15, 10, 3, '2018-03-23 18:08:00', 'india', '12345', '', '', 6, 320.99, 5.00, 315.99, '2018-03-23 13:17:18', 'pending'),
(131, '40', '320', 'Black', '868,871', 'yuvraj', 'yuvi.unique@gmail.com', '99080800', '', 7, 15, 12, 3, '2018-03-23 18:08:00', 'india', '12345', '', '', 6, 527.98, 5.00, 522.98, '2018-03-23 13:22:51', 'pending'),
(132, '6', '311', 'Black', '279', 'yuvraj', 'yuvi.unique@gmail.com', '99080800', '', 7, 15, 10, 2, '2018-03-23 18:08:00', 'india', '12345', '', '', 0, 315.99, 0.00, 315.99, '2018-03-23 13:25:04', 'pending'),
(133, '6', '311', 'Black', '279', 'yuvraj', 'yuvi.unique@gmail.com', '9908080000', '', 7, 15, 10, 2, '2018-03-23 18:08:00', 'india', '12345', '', '', 0, 315.99, 0.00, 315.99, '2018-03-23 13:28:27', 'pending'),
(134, '6', '311', 'Black', '279', 'yuvraj', 'yuvi.unique@gmail.com', '9908080000', '', 7, 15, 10, 3, '2018-03-23 18:08:00', 'india', '12345', '', '', 6, 320.99, 5.00, 315.99, '2018-03-23 13:29:30', 'pending'),
(135, '6', '311', 'Black', '279', 'yuvraj', 'yuvi.unique@gmail.com', '9876543210', '', 7, 15, 10, 3, '2018-03-23 18:08:00', 'india', '12345', '', '', 6, 320.99, 5.00, 315.99, '2018-03-23 13:59:20', 'pending'),
(136, '6', '311', 'Black', '279', 'yuvraj', 'yuvi.unique@gmail.com', '9876543210', '', 7, 15, 10, 3, '2018-03-23 18:08:00', 'india', '12345', '', '', 6, 320.99, 5.00, 315.99, '2018-03-23 14:00:06', 'pending'),
(137, '6', '311', 'Black', '279', 'yuvraj', 'yuvi.unique@gmail.com', '9908080000', '', 7, 15, 10, 2, '2018-03-23 18:08:00', 'india', '12345', '', '', 0, 315.99, 0.00, 315.99, '2018-03-23 14:03:06', 'pending'),
(138, '6', '311', 'White', '279', 'Amit Parmar', 'amitparmar98@gmail.com', '9650447798', '', 6, 16, 10, 2, '2018-03-24 12:15:00', '1903-P, Sector 45', '122003', '', '', 0, 315.99, 0.00, 315.99, '2018-03-24 06:46:31', 'pending'),
(139, '47', '87', 'White', '366', 'LSQ', 'ramakrishnan_1996@hotmail.com', '9600577254', '', 6, 17, 10, 3, '2018-03-28 10:17:00', 'Bengaluru, HSR Layout ', '560034', '', '', 6, 53.99, 5.00, 48.99, '2018-03-28 04:49:01', 'pending'),
(140, '6', '311', 'Black', '279', 'yuvraj', 'yuvi.unique@gmail.com', '99080800', '', 7, 15, 10, 2, '2018-03-23 18:08:00', 'india', '12345', 'hii', '', 0, 315.99, 0.00, 315.99, '2018-03-28 08:04:42', 'pending'),
(141, '6', '311', 'Black', '279', 'yuvraj', 'yuvi.unique@gmail.com', '99080800', '', 7, 15, 10, 2, '2018-03-23 18:08:00', 'india', '12345', 'hiii', '', 0, 315.99, 0.00, 315.99, '2018-03-28 12:00:20', 'pending'),
(142, '6', '311', 'Black', '279', 'yuvraj', 'yuvi.unique@gmail.com', '99080800', '', 7, 15, 10, 2, '2018-03-23 18:08:00', 'india', '12345', 'hii', '', 0, 315.99, 0.00, 315.99, '2018-03-28 12:03:21', 'pending'),
(143, '6', '311', 'Black', '279', 'yuvraj', 'yuvi.unique@gmail.com', '99080800', '', 7, 15, 10, 2, '2018-03-23 18:08:00', 'india', '12345', '', '', 0, 315.99, 0.00, 315.99, '2018-03-28 12:04:15', 'pending'),
(144, '6', '311', 'Black', '279', 'yuvraj', 'yuvi.unique@gmail.com', '99080800', '', 7, 15, 10, 2, '2018-03-23 18:08:00', 'india', '12345', '', '', 0, 315.99, 0.00, 315.99, '2018-03-28 12:11:29', 'pending'),
(145, '6', '311', 'Black', '279', 'yuvraj', 'yuvi.unique@gmail.com', '99080800', '', 7, 15, 10, 2, '2018-03-23 18:08:00', 'india', '12345', '', '', 0, 315.99, 0.00, 315.99, '2018-03-28 12:23:14', 'pending'),
(146, '6', '311', 'Black', '279', 'yuvraj', 'yuvi.unique@gmail.com', '99080800', '', 7, 15, 10, 2, '2018-03-23 18:08:00', 'india', '12345', '', '', 0, 315.99, 0.00, 315.99, '2018-03-28 12:28:59', 'pending'),
(147, '6', '311', 'Black', '279', 'yuvraj', 'yuvi.unique@gmail.com', '99080800', '', 7, 15, 10, 2, '2018-03-23 18:08:00', 'india', '12345', '', '', 0, 315.99, 0.00, 315.99, '2018-03-28 12:30:21', 'pending'),
(148, '6', '311', 'Black', '279', 'yuvraj', 'yuvi.unique@gmail.com', '99080800', '', 7, 15, 10, 2, '2018-03-23 18:08:00', 'india', '12345', '', '', 0, 315.99, 0.00, 315.99, '2018-03-28 12:31:17', 'pending'),
(149, '6', '311', 'Black', '279', 'yuvraj', 'yuvi.unique@gmail.com', '99080800', '', 7, 15, 10, 2, '2018-03-23 18:08:00', 'india', '12345', '', '', 0, 315.99, 0.00, 315.99, '2018-03-28 13:09:27', 'pending'),
(150, '6', '311', 'Black', '279', 'yuvraj', 'yuvi.unique@gmail.com', '99080800', '', 7, 15, 10, 2, '2018-03-23 18:08:00', 'india', '12345', '', '', 0, 315.99, 0.00, 315.99, '2018-03-28 13:10:50', 'pending'),
(151, '6', '311', 'Black', '279', 'yuvraj', 'yuvi.unique@gmail.com', '99080800', '', 7, 15, 10, 2, '2018-03-23 18:08:00', 'india', '12345', '', '', 0, 315.99, 0.00, 315.99, '2018-03-28 13:13:49', 'pending'),
(152, '6', '311', 'Black', '279', 'yuvraj', 'yuvi.unique@gmail.com', '99080800', '', 7, 15, 10, 2, '2018-03-23 18:08:00', 'india', '12345', '', '', 0, 315.99, 0.00, 315.99, '2018-03-28 13:20:51', 'pending'),
(153, '6', '311', 'Black', '279', 'yuvraj', 'yuvi.unique@gmail.com', '99080800', '', 7, 15, 10, 2, '2018-03-23 18:08:00', 'india', '12345', '', '', 0, 315.99, 0.00, 315.99, '2018-03-28 13:23:35', 'pending'),
(154, '6', '311', 'Black', '279', 'yuvraj', 'yuvi.unique@gmail.com', '99080800', '', 7, 15, 10, 2, '2018-03-23 18:08:00', 'india', '12345', '', '', 0, 315.99, 0.00, 315.99, '2018-03-28 13:24:32', 'pending'),
(155, '6', '312', 'Gold', '280', 'Blu Reynolds', 'mastereynolds@gmail.com', '7814443175', '', 7, 18, 10, 2, '2018-04-03 13:00:00', '54 Bramblebury Rd', 'SE18 7TG', '', '', 7, 54.99, 0.00, 54.99, '2018-04-02 20:30:11', 'pending'),
(156, '6', '311', 'Black', '279', 'yuvraj', 'yuvi.unique@gmail.com', '99080800', '', 7, 15, 10, 2, '2018-03-23 18:08:00', 'india', '12345', '', '', 0, 315.99, 0.00, 315.99, '2018-04-04 10:25:33', 'pending'),
(157, '6', '311', 'Black', '279', 'yuvraj', 'yuvi.unique@gmail.com', '99080800', '', 7, 15, 10, 2, '2018-03-23 18:08:00', 'india', '12345', '', '', 0, 315.99, 0.00, 315.99, '2018-04-04 11:57:18', 'pending'),
(158, '6', '311', 'Black', '279', 'yuvraj', 'yuvi.unique@gmail.com', '99080800', '', 7, 15, 10, 2, '2018-03-23 18:08:00', 'india', '12345', '', '', 0, 315.99, 0.00, 315.99, '2018-04-04 12:37:14', 'pending'),
(159, '6', '311', 'Black', '279', 'yuvraj', 'yuvi.unique@gmail.com', '99080800', '', 7, 15, 10, 2, '2018-03-23 18:08:00', 'india', '12345', '', '', 0, 315.99, 0.00, 315.99, '2018-04-04 12:49:07', 'pending'),
(160, '6', '307', 'Black', '1067,1062', 'yuvraj', 'yuvi.unique@gmail.com', '99080800', '', 7, 15, 10, 3, '2018-03-23 18:08:00', 'india', '12345', '', '', 6, 144.98, 5.00, 139.98, '2018-04-04 13:07:02', 'pending'),
(161, '6', '311', 'Grey', '279', 'yuvraj', 'yuvi.unique1@gmail.com', '7896543214', '', 7, 19, 10, 2, '2018-04-19 22:15:00', 'india', '123456', 'hiii', '', 0, 315.99, 0.00, 315.99, '2018-04-04 16:47:09', 'pending'),
(162, '6', '311', 'Grey', '279', 'yuvraj', 'yuvi.unique1@gmail.com', '7896543214', '', 7, 19, 10, 2, '2018-04-19 22:15:00', 'india', '123456', '', '', 0, 315.99, 0.00, 315.99, '2018-04-04 17:07:56', 'pending'),
(163, '6', '311', 'Gold', '279', 'akash', 'subh.seema21@gmail.com', '7689654321', '', 5, 20, 10, 2, '2018-04-04 22:44:00', 'india', '123456', 'hiii', '', 0, 315.99, 0.00, 315.99, '2018-04-04 17:15:33', 'pending'),
(164, '6', '311', 'Gold', '279', 'satyinder', 'satinderpal279@gmail.com', '6789654378', '', 7, 21, 10, 2, '2018-04-05 10:28:00', 'india', '123456', 'hiiiiii', '', 0, 315.99, 0.00, 315.99, '2018-04-05 04:59:16', 'pending'),
(165, '6', '311', 'Grey', '279', 'Avis', 'avistcengg@gmail.com', '7865438907', '', 5, 22, 10, 2, '2018-04-05 11:18:00', 'india', '123456', 'hiiii', '', 0, 315.99, 0.00, 315.99, '2018-04-05 05:49:07', 'pending'),
(166, '6', '311', 'Grey', '279', 'Avis', 'avistcengg@gmail.com', '7865438907', '', 5, 22, 10, 2, '2018-04-05 11:18:00', 'india', '123456', '', '', 0, 315.99, 0.00, 315.99, '2018-04-05 05:52:41', 'pending'),
(167, '6', '190', 'Black', '1109', 'Miss Enkita Lala', 'enkitalala@hotmail.co.uk', '7788273194', '', 7, 23, 10, 2, '2018-04-09 14:25:00', 'Flat A 316 Kilburn Lane', 'w9 3ef', 'Screen cracked, needs to be repaired', '', 0, 74.99, 0.00, 74.99, '2018-04-09 13:26:42', 'pending'),
(168, '6', '311', 'Black', '279', 'yuvraj', 'yuvi.unique@gmail.com', '99080800', '', 7, 15, 10, 2, '2018-03-23 18:08:00', 'india', '12345', '', '', 0, 315.99, 0.00, 315.99, '2018-04-09 13:26:57', 'pending'),
(169, '6', '311', 'Black', '279', 'yuvraj', 'yuvi.unique@gmail.com', '99080800', '', 7, 15, 10, 2, '2018-03-23 18:08:00', 'india', '12345', '', '', 0, 315.99, 0.00, 315.99, '2018-04-09 13:28:06', 'pending'),
(170, '6', '311', 'Black', '279', 'yuvraj', 'yuvi.unique@gmail.com', '99080800', '', 7, 15, 10, 2, '2018-03-23 18:08:00', 'india', '12345', '', '', 0, 315.99, 0.00, 315.99, '2018-04-09 13:28:57', 'pending'),
(171, '6', '311', 'Black', '279', 'yuvraj', 'yuvi.unique@gmail.com', '99080800', '', 7, 15, 10, 2, '2018-03-23 18:08:00', 'india', '12345', '', '', 0, 315.99, 0.00, 315.99, '2018-04-09 13:31:03', 'pending'),
(172, '6', '311', 'Black', '279', 'yuvraj', 'yuvi.unique@gmail.com', '99080800', '', 7, 15, 10, 2, '2018-03-23 18:08:00', 'india', '12345', '', '', 0, 315.99, 0.00, 315.99, '2018-04-09 13:31:40', 'pending'),
(173, '6', '311', 'Black', '279', 'yuvraj', 'yuvi.unique@gmail.com', '99080800', '', 7, 15, 10, 2, '2018-03-23 18:08:00', 'india', '12345', '', '', 0, 315.99, 0.00, 315.99, '2018-04-09 13:32:20', 'pending'),
(174, '6', '311', 'Black', '279', 'yuvraj', 'yuvi.unique@gmail.com', '99080800', '', 7, 15, 10, 2, '2018-03-23 18:08:00', 'india', '12345', '', '', 0, 315.99, 0.00, 315.99, '2018-04-09 13:33:08', 'pending'),
(175, '6', '311', 'Grey', '279', 'yuvraj', 'yuvi.unique1@gmail.com', '7896543214', '', 7, 19, 10, 2, '2018-04-19 22:15:00', 'india', '123456', '', '', 0, 315.99, 0.00, 315.99, '2018-04-09 16:37:49', 'pending'),
(176, '6', '311', 'Grey', '279', 'yuvraj', 'yuvi.unique1@gmail.com', '7896543214', '', 7, 19, 10, 2, '2018-04-19 22:15:00', 'india', '123456', '', '', 0, 315.99, 0.00, 315.99, '2018-04-09 16:39:28', 'pending'),
(177, '6', '311', 'Grey', '279', 'yuvraj', 'yuvi.unique1@gmail.com', '7896543214', '', 7, 19, 10, 2, '2018-04-19 22:15:00', 'india', '123456', '', '', 0, 315.99, 0.00, 315.99, '2018-04-09 16:41:47', 'pending'),
(178, '6', '311', 'Grey', '279', 'yuvraj', 'yuvi.unique1@gmail.com', '7896543214', '', 7, 19, 10, 2, '2018-04-19 22:15:00', 'india', '123456', '', '', 0, 315.99, 0.00, 315.99, '2018-04-09 16:43:05', 'pending'),
(179, '6', '311', 'Grey', '279', 'yuvraj', 'yuvi.unique1@gmail.com', '7896543214', '', 7, 19, 10, 2, '2018-04-19 22:15:00', 'india', '123456', '', '', 0, 315.99, 0.00, 315.99, '2018-04-09 16:47:03', 'pending'),
(180, '6', '311', 'Grey', '279', 'yuvraj', 'yuvi.unique1@gmail.com', '7896543214', '', 7, 19, 10, 2, '2018-04-19 22:15:00', 'india', '123456', '', '', 0, 315.99, 0.00, 315.99, '2018-04-09 16:48:33', 'pending'),
(181, '6', '311', 'Grey', '279', 'yuvraj', 'yuvi.unique1@gmail.com', '7896543214', '', 7, 19, 10, 2, '2018-04-19 22:15:00', 'india', '123456', '', '', 0, 315.99, 0.00, 315.99, '2018-04-09 17:07:25', 'pending'),
(182, '6', '311', 'Grey', '279', 'yuvraj', 'yuvi.unique1@gmail.com', '7896543214', '', 7, 19, 10, 2, '2018-04-19 22:15:00', 'india', '123456', '', '', 0, 315.99, 0.00, 315.99, '2018-04-09 17:10:57', 'pending'),
(183, '40', '320', 'Grey', '872,868', 'yuvraj', 'yuvi.unique1@gmail.com', '7896543214', '', 7, 19, 12, 2, '2018-04-19 22:15:00', 'india', '123456', '', '', 0, 432.98, 0.00, 432.98, '2018-04-09 17:14:35', 'pending'),
(184, '61', '291', 'Grey', '75,74', 'yuvraj', 'yuvi.unique1@gmail.com', '7896543214', '', 7, 19, 37, 2, '2018-04-19 22:15:00', 'india', '123456', '', '', 0, 0.00, 0.00, 0.00, '2018-04-09 17:18:01', 'pending'),
(185, '6', '311', 'Grey', '279', 'yuvraj', 'yuvi.unique1@gmail.com', '7896543214', '', 7, 19, 10, 2, '2018-04-19 22:15:00', 'india', '123456', '', '', 0, 315.99, 0.00, 315.99, '2018-04-09 17:21:47', 'pending'),
(186, '6', '311', 'Grey', '279', 'yuvraj', 'yuvi.unique1@gmail.com', '7896543214', '', 7, 19, 10, 2, '2018-04-19 22:15:00', 'india', '123456', '', '', 0, 315.99, 0.00, 315.99, '2018-04-09 17:28:59', 'pending'),
(187, '6', '311', 'Grey', '279', 'yuvraj', 'yuvi.unique1@gmail.com', '7896543214', '', 7, 19, 10, 2, '2018-04-19 22:15:00', 'india', '123456', '', '', 0, 315.99, 0.00, 315.99, '2018-04-09 17:37:54', 'pending'),
(188, '6', '311', 'Grey', '279', 'yuvraj', 'yuvi.unique1@gmail.com', '7896543214', '', 7, 19, 10, 2, '2018-04-19 22:15:00', 'india', '123456', '', '', 0, 315.99, 0.00, 315.99, '2018-04-09 17:42:01', 'pending'),
(189, '6', '311', 'Grey', '279', 'yuvraj', 'yuvi.unique1@gmail.com', '7896543214', '', 7, 19, 10, 2, '2018-04-19 22:15:00', 'india', '123456', '', '', 0, 315.99, 0.00, 315.99, '2018-04-09 17:45:25', 'pending'),
(190, '6', '311', 'Black', '279', 'yuvraj', 'yuvi.unique@gmail.com', '99080800', '', 7, 15, 10, 2, '2018-03-23 18:08:00', 'india', '12345', '', '', 0, 315.99, 0.00, 315.99, '2018-04-09 17:47:52', 'pending'),
(191, '25', '246', 'Black', '203,201,279', 'yuvraj', 'yuvi.unique@gmail.com', '99080800', '', 7, 15, 10, 2, '2018-03-23 18:08:00', 'india', '12345', '', '', 0, 704.97, 0.00, 704.97, '2018-04-09 18:22:20', 'pending'),
(192, '6', '311', 'Black', '279', 'yuvraj', 'yuvi.unique@gmail.com', '99080800', '', 7, 15, 10, 2, '2018-03-23 18:08:00', 'india', '12345', '', '', 0, 315.99, 0.00, 315.99, '2018-04-09 18:29:07', 'pending'),
(193, '6', '311', 'Black', '279', 'yuvraj', 'yuvi.unique@gmail.com', '99080800', '', 7, 15, 10, 2, '2018-03-23 18:08:00', 'india', '12345', '', '', 0, 315.99, 0.00, 315.99, '2018-04-09 18:33:14', 'pending'),
(194, '6', '311', 'Black', '279', 'yuvraj', 'yuvi.unique@gmail.com', '99080800', '', 7, 15, 10, 2, '2018-03-23 18:08:00', 'india', '12345', '', '', 0, 315.99, 0.00, 315.99, '2018-04-09 18:36:54', 'pending'),
(195, '6', '311', 'Black', '279', 'yuvraj', 'yuvi.unique@gmail.com', '99080800', '', 7, 15, 10, 2, '2018-03-23 18:08:00', 'india', '12345', '', '', 0, 315.99, 0.00, 315.99, '2018-04-09 18:39:23', 'pending'),
(196, '6', '311', 'Black', '279', 'yuvraj', 'yuvi.unique@gmail.com', '99080800', '', 7, 15, 10, 2, '2018-03-23 18:08:00', 'india', '12345', '', '', 0, 315.99, 0.00, 315.99, '2018-04-09 18:40:18', 'pending'),
(197, '6', '311', 'Black', '279', 'yuvraj', 'yuvi.unique@gmail.com', '99080800', '', 7, 15, 10, 2, '2018-03-23 18:08:00', 'india', '12345', '', '', 0, 315.99, 0.00, 315.99, '2018-04-09 18:42:00', 'pending'),
(198, '6', '311', 'Black', '279', 'yuvraj', 'yuvi.unique@gmail.com', '99080800', '', 7, 15, 10, 2, '2018-03-23 18:08:00', 'india', '12345', '', '', 0, 315.99, 0.00, 315.99, '2018-04-09 18:43:00', 'pending'),
(199, '6', '311', 'Black', '279', 'yuvraj', 'yuvi.unique@gmail.com', '99080800', '', 7, 15, 10, 2, '2018-03-23 18:08:00', 'india', '12345', '', '', 0, 315.99, 0.00, 315.99, '2018-04-09 18:44:13', 'pending'),
(200, '6', '311', 'Black', '279', 'yuvraj', 'yuvi.unique@gmail.com', '99080800', '', 7, 15, 10, 2, '2018-03-23 18:08:00', 'india', '12345', '', '', 0, 315.99, 0.00, 315.99, '2018-04-09 18:46:33', 'pending'),
(201, '6', '311', 'Black', '279', 'yuvraj', 'yuvi.unique@gmail.com', '99080800', '', 7, 15, 10, 2, '2018-03-23 18:08:00', 'india', '12345', '', '', 0, 315.99, 0.00, 315.99, '2018-04-09 18:49:42', 'pending'),
(202, '6', '311', 'Black', '279', 'yuvraj', 'yuvi.unique@gmail.com', '99080800', '', 7, 15, 10, 2, '2018-03-23 18:08:00', 'india', '12345', '', '', 0, 315.99, 0.00, 315.99, '2018-04-10 02:59:40', 'pending'),
(203, '25', '247', 'Black', '198,197,194', 'yuvraj', 'yuvi.unique@gmail.com', '99080800', '', 7, 15, 10, 2, '2018-03-23 18:08:00', 'india', '12345', '', '', 0, 755.97, 0.00, 755.97, '2018-04-10 03:00:51', 'pending');

-- --------------------------------------------------------

--
-- Table structure for table `other_messages`
--

CREATE TABLE `other_messages` (
  `id` int(11) NOT NULL,
  `order_id` int(11) NOT NULL,
  `is_client` int(11) NOT NULL,
  `is_admin` int(11) NOT NULL,
  `mdate` datetime NOT NULL,
  `status` varchar(40) COLLATE utf8_unicode_ci NOT NULL,
  `message` text COLLATE utf8_unicode_ci NOT NULL,
  `date` date NOT NULL,
  `time` time NOT NULL,
  `from_user` int(11) NOT NULL,
  `to_user` int(11) NOT NULL
) ENGINE=InnoDB DEFAULT CHARSET=utf8 COLLATE=utf8_unicode_ci;

--
-- Dumping data for table `other_messages`
--

INSERT INTO `other_messages` (`id`, `order_id`, `is_client`, `is_admin`, `mdate`, `status`, `message`, `date`, `time`, `from_user`, `to_user`) VALUES
(1, 27, 1, 0, '2018-04-04 07:35:50', 'unread', 'hiiii', '2018-04-04', '07:35:50', 0, 0),
(2, 27, 1, 0, '2018-04-04 07:52:36', 'unread', 'h ru\r\n', '2018-04-04', '07:52:36', 0, 0),
(3, 26, 1, 0, '2018-04-04 07:54:08', 'unread', 'hiii', '2018-04-04', '07:54:08', 0, 0),
(4, 27, 0, 1, '2018-04-04 09:53:47', 'unread', 'ihii', '2018-04-04', '09:53:47', 0, 0),
(5, 27, 0, 1, '2018-04-04 09:54:07', 'unread', 'hello', '2018-04-04', '09:54:07', 0, 0),
(6, 27, 0, 1, '2018-04-04 09:56:11', 'unread', 'hey', '2018-04-04', '09:56:11', 0, 0),
(7, 27, 0, 1, '2018-04-04 09:56:31', 'unread', 'r u sure??', '2018-04-04', '09:56:31', 0, 0),
(8, 27, 1, 0, '2018-04-04 09:56:44', 'unread', 'yess\r\n', '2018-04-04', '09:56:44', 0, 0),
(9, 27, 0, 1, '2018-04-04 09:56:55', 'unread', 'y???', '2018-04-04', '09:56:55', 0, 0),
(10, 27, 1, 0, '2018-04-04 09:57:06', 'unread', 'hmmmmm', '2018-04-04', '09:57:06', 0, 0),
(11, 27, 0, 1, '2018-04-04 09:57:16', 'unread', 'hmmmm', '2018-04-04', '09:57:16', 0, 0),
(12, 27, 0, 1, '2018-04-04 09:57:22', 'unread', 'okkkk', '2018-04-04', '09:57:22', 0, 0),
(13, 26, 0, 1, '2018-04-04 09:58:16', 'unread', 'hello', '2018-04-04', '09:58:16', 0, 0),
(14, 26, 1, 0, '2018-04-04 09:58:42', 'unread', 'h r u', '2018-04-04', '09:58:42', 0, 0),
(15, 26, 0, 1, '2018-04-04 09:58:50', 'unread', 'fine', '2018-04-04', '09:58:50', 0, 0),
(16, 26, 1, 0, '2018-04-04 09:59:03', 'unread', 'n u', '2018-04-04', '09:59:03', 0, 0),
(17, 26, 0, 1, '2018-04-04 09:59:13', 'unread', 'me tooo', '2018-04-04', '09:59:13', 0, 0),
(18, 26, 0, 1, '2018-04-04 10:01:26', 'unread', 'sryyyy', '2018-04-04', '10:01:26', 0, 0),
(19, 26, 1, 0, '2018-04-04 10:01:36', 'unread', 'its okk\r\n', '2018-04-04', '10:01:36', 0, 0),
(20, 26, 0, 1, '2018-04-04 10:01:42', 'unread', 'nooooo', '2018-04-04', '10:01:42', 0, 0),
(21, 26, 1, 0, '2018-04-04 10:05:45', 'unread', 'hiiiii\r\n', '2018-04-04', '10:05:45', 0, 0),
(22, 26, 1, 0, '2018-04-04 10:05:50', 'unread', 'hello', '2018-04-04', '10:05:50', 0, 0),
(23, 26, 0, 1, '2018-04-04 10:06:03', 'unread', 'heyyyyy', '2018-04-04', '10:06:03', 0, 0),
(24, 26, 1, 0, '2018-04-04 10:09:24', 'unread', 'hiii', '2018-04-04', '10:09:24', 0, 0),
(25, 26, 0, 1, '2018-04-04 10:10:47', 'unread', 'hello', '2018-04-04', '10:10:47', 0, 0),
(26, 26, 1, 0, '2018-04-04 10:10:56', 'unread', 'hiiii', '2018-04-04', '10:10:56', 0, 0),
(27, 28, 1, 0, '2018-04-04 10:19:26', 'unread', 'Hlllo bai', '2018-04-04', '10:19:26', 0, 0),
(28, 28, 0, 1, '2018-04-04 10:19:41', 'unread', 'hello', '2018-04-04', '10:19:41', 0, 0),
(29, 28, 0, 1, '2018-04-04 10:19:49', 'unread', 'sahi hai', '2018-04-04', '10:19:49', 0, 0),
(30, 29, 1, 0, '2018-04-04 11:55:21', 'unread', 'hiiiii', '2018-04-04', '11:55:21', 0, 0),
(31, 29, 0, 1, '2018-04-04 11:55:45', 'unread', 'heeyyyyyy', '2018-04-04', '11:55:45', 0, 0),
(32, 29, 1, 0, '2018-04-04 11:56:05', 'unread', 'r u okkkkkk', '2018-04-04', '11:56:05', 0, 0),
(33, 29, 0, 1, '2018-04-04 11:56:14', 'unread', 'yeessssssss', '2018-04-04', '11:56:14', 0, 0),
(34, 29, 0, 1, '2018-04-04 11:56:19', 'unread', 'n uuuuuu', '2018-04-04', '11:56:19', 0, 0),
(35, 29, 1, 0, '2018-04-04 11:56:32', 'unread', 'hmmmmmmmm', '2018-04-04', '11:56:32', 0, 0),
(36, 30, 1, 0, '2018-04-04 12:55:21', 'unread', 'hiiiii', '2018-04-04', '12:55:21', 0, 0),
(37, 30, 1, 0, '2018-04-04 12:55:26', 'unread', 'helloooo', '2018-04-04', '12:55:26', 0, 0),
(38, 30, 0, 1, '2018-04-04 12:55:35', 'unread', 'heyyyyyyyy', '2018-04-04', '12:55:35', 0, 0),
(39, 30, 0, 1, '2018-04-04 12:55:40', 'unread', 'ohhhhhh', '2018-04-04', '12:55:40', 0, 0),
(40, 30, 1, 0, '2018-04-04 12:55:52', 'unread', 'niceeeeeeee', '2018-04-04', '12:55:52', 0, 0),
(41, 30, 1, 0, '2018-04-04 12:55:58', 'unread', 'yyyyyyy', '2018-04-04', '12:55:58', 0, 0),
(42, 30, 0, 1, '2018-04-04 12:56:04', 'unread', 'noooooooo', '2018-04-04', '12:56:04', 0, 0),
(43, 30, 0, 1, '2018-04-04 12:56:13', 'unread', 'yyyyy', '2018-04-04', '12:56:13', 0, 0),
(44, 30, 0, 1, '2018-04-04 12:56:25', 'unread', 'hhhh', '2018-04-04', '12:56:25', 0, 0),
(45, 30, 0, 1, '2018-04-04 13:04:43', 'unread', 'uuuuuuuuuuuuuuuuuuuuuuuu', '2018-04-04', '13:04:43', 0, 0);

-- --------------------------------------------------------

--
-- Table structure for table `other_orders`
--

CREATE TABLE `other_orders` (
  `other_id` int(11) NOT NULL,
  `vendor_id` int(11) DEFAULT NULL COMMENT 'id from vendors(fk)',
  `brand_name` varchar(150) DEFAULT NULL,
  `model` varchar(150) DEFAULT NULL,
  `issue` varchar(150) DEFAULT NULL,
  `cname` varchar(150) DEFAULT NULL,
  `email` varchar(150) DEFAULT NULL,
  `address` text,
  `phone` varchar(150) DEFAULT NULL,
  `status` varchar(100) NOT NULL DEFAULT 'pending' COMMENT '0: not active, 1: active',
  `created_at` timestamp NOT NULL DEFAULT CURRENT_TIMESTAMP,
  `updated_at` timestamp NOT NULL DEFAULT CURRENT_TIMESTAMP ON UPDATE CURRENT_TIMESTAMP
) ENGINE=InnoDB DEFAULT CHARSET=latin1;

--
-- Dumping data for table `other_orders`
--

INSERT INTO `other_orders` (`other_id`, `vendor_id`, `brand_name`, `model`, `issue`, `cname`, `email`, `address`, `phone`, `status`, `created_at`, `updated_at`) VALUES
(1, 6, 'nokia', '16', 'screen resolution', 'yuvraj', 'yuvi@gmail.com', 'india', '454534543', 'pending', '2018-03-06 09:47:03', '2018-03-06 13:21:02'),
(2, NULL, 'samsung', '123', 'touch panel', 'akhil', 'akhil@gmail.com', 'sdfsdfdf', '456564565', 'pending', '2018-03-06 10:03:39', '2018-03-06 12:19:45'),
(3, NULL, 'vivo', 'vivo779', 'sound defect', 'sunil', 'sunil@gmail.com', 'punjab', '656565665', 'pending', '2018-03-06 12:20:53', '2018-03-06 12:20:53'),
(4, NULL, 'vivo', 'vivo112', 'sound defect', 'yuvi', 'yuvi.unique@gmail.com', 'india', '355435435', 'pending', '2018-03-07 11:06:13', '2018-03-07 11:06:13'),
(5, NULL, 'vivo', 'vivo112', 'sound defect', 'yuvi', 'yuvi.unique@gmail.com', 'india', '987987934', 'pending', '2018-03-07 11:07:36', '2018-03-07 11:07:36'),
(6, NULL, 'nokia', 'n112', 'ear phone', 'abhi', 'yuvi.unique@gmail.com', 'india', '76767657767', 'pending', '2018-03-07 11:12:51', '2018-03-07 11:12:51'),
(7, NULL, 'iphone', 't77', 'sound', 'akash', 'yuvi@gmail.com', 'india', '75756567657', 'pending', '2018-03-07 11:24:04', '2018-03-07 11:24:04'),
(8, NULL, 'samsung', '112', 'sound', 'akhil', 'yuvi.unique@gmail.com', 'india', '7567567657', 'pending', '2018-03-07 12:23:29', '2018-03-07 12:23:29'),
(9, NULL, 'nokia', '113', 'screen', 'abhi', 'yuvi.unique@gmail.com', 'india', '6546546546', 'pending', '2018-03-07 12:34:26', '2018-03-07 12:34:26'),
(10, NULL, 'nokia', '112', 'sound defect', 'abhi', 'yuvi.unique@gmail.com', 'india', '57567657', 'pending', '2018-03-07 12:40:05', '2018-03-07 12:40:05'),
(11, NULL, 'samsung', 's112', 'screen defect', 'abhisek', 'yuvi.unique@gmail.com', 'india', '456546546', 'pending', '2018-03-07 12:47:05', '2018-03-07 12:47:05'),
(12, NULL, 'TTGFGGG', 'X CSCSCS', 'DDDDD', 'DCDCDSCDS', 'DD@HOTMAIL.COM', 'DDD', '33333', 'pending', '2018-03-12 07:16:42', '2018-03-12 07:16:42'),
(13, NULL, 'Project', 'Ebike', 'Good day,\r\nIm working on a project for ebikes, i was wondering if you had an spear, faulty or unwanted laptop batteries. A few will good. When you can', 'Conroy Johnson', 'conroy874@googlemail.com', '2\r\nFawood Avenue', '7402919804', 'pending', '2018-03-14 07:56:38', '2018-03-14 07:56:38'),
(14, NULL, 'Asus', 'G75VW', 'Computer became slow. Restarted. Upon restart - blue screen - unmountable boot volume. Restarted again - goes on for 30 seconds with black screen and ', 'Mart Abramov', 'mart.abramov@gmail.com', '144  Elgin Avenue\r\nFlat C', '7539226516', 'pending', '2018-03-16 10:11:58', '2018-03-16 10:11:58'),
(15, NULL, 'Lenovo', 'Y900', 'I drop cola on him', 'Robert', 'wolfrobertclaudiu@gmail.com', 'Woking', '07500069653', 'pending', '2018-03-17 17:12:24', '2018-03-17 17:12:24'),
(16, NULL, 'Razer', 'Razer', 'Cracked screen', 'Ashley Hawkins', 'hawkins03@hotmail.co.uk', '83 the winter knoll', '07853904350', 'pending', '2018-03-24 22:45:17', '2018-03-24 22:45:17'),
(17, NULL, 'Home Built', 'Home Built', 'My SSD just stopped working as I have had it for around 5 years, but it also had my OS on it (Windows 10) so I am trying to install it on my HDD. I\'ve', 'Flynn Mitchelmore', 'flynnmitchelmore@gmail.com', '37 Norfolk Gardens', '7902397418', 'pending', '2018-03-25 11:25:04', '2018-03-25 11:25:04'),
(18, NULL, 'motorla', 'm17', 'screen defect', 'yuvraj', 'yuvi.unique@gmail.com', 'india', '6578954321', 'pending', '2018-03-28 06:50:01', '2018-03-28 06:50:01'),
(19, NULL, 'motorla', 'm17', 'screen defect', 'yuvraj', 'yuvi.unique@gmail.com', 'india', '6578954321', 'pending', '2018-03-28 06:53:58', '2018-03-28 06:53:58'),
(20, NULL, 'motorla', 'm17', 'screen defect', 'yuvraj', 'yuvi.unique@gmail.com', 'india', '6578954321', 'pending', '2018-03-28 06:56:41', '2018-03-28 06:56:41'),
(21, NULL, 'nokia', 'n12', 'screen', 'yuvraj', 'yuvi.unique@gmail.com', 'india', '7865432190', 'pending', '2018-03-28 07:59:39', '2018-03-28 07:59:39'),
(22, NULL, 'samsung', 's23', 'volume defect', 'yuvraj', 'yuvi.unique@gmail.com', 'india', '2345678905', 'pending', '2018-03-28 08:05:46', '2018-03-28 08:05:46'),
(23, NULL, 'Chillblast (desktop pc)', 'Fusion Midas, 2.8GHz Core i5 (Windows 7)', 'The system fails to boot into Windows, with Boot Manager in DOS reporting:\r\n"Status: 0xc000000e\r\nInfo: The boot selection failed because a required de', 'Julian Cooper', 'julianc.6@outlook.com', '6 Barlby Road, W10 6AR', '7779267811', 'pending', '2018-03-30 16:30:34', '2018-03-30 16:30:34'),
(24, NULL, 'Lenovo', 'Yoga 3', 'Hi there, \r\n\r\nI am just wanted to get a quote for repairing my Lenovo Yoga 3 laptop. I the battery in the laptop is disconnected from the computer (so', 'Shaun Ihejetoh', 'Soi@westportandco.com', '253 Chamberlayne Road', '7846003029', 'pending', '2018-04-01 19:54:09', '2018-04-01 19:54:09'),
(25, NULL, 'moto', 'motoX', 'no problem', 'NItesh', 'vishal.mehta@reputation.ca', 'Chinchpokly', '9632587412', 'pending', '2018-04-02 10:46:46', '2018-04-02 10:46:46'),
(26, NULL, 'nokia', 'n17', 'screen issue', 'yuvraj', 'yuvi.unique@gmail.com', 'india', '4567898765', 'pending', '2018-04-04 06:22:52', '2018-04-04 06:22:52'),
(27, NULL, 'nokia', 'n17', 'screen issue', 'yuvraj', 'yuvi.unique@gmail.com', 'india', '4567898765', 'pending', '2018-04-04 06:28:50', '2018-04-04 06:28:50'),
(28, NULL, 'samsung', 's133', 'sound defect', 'vishal', 'vishal.mehta@reputation.ca', 'india', '7869875094', 'pending', '2018-04-04 10:14:07', '2018-04-04 10:14:07'),
(29, NULL, 'motrolla', 'm1444', 'volume defect', 'yuvraj', 'yuvi.unique@gmail.com', 'india', '8976547890', 'pending', '2018-04-04 11:54:22', '2018-04-04 11:54:22'),
(30, NULL, 'iphone', 'x99', 'sound defect', 'yuvraj', 'yuvi.unique@gmail.com', 'india', '8759076546', 'pending', '2018-04-04 12:54:42', '2018-04-04 12:54:42'),
(31, NULL, 'Acer', 'Aspire', 'Cracked screen on the inside of the monitor, working but flickering and screen is split off.', 'Kir Vickery', 'kdv21@hotmail.co.uk', '32 St Petersburgh Place Mews', '07890296259', 'pending', '2018-04-08 16:51:59', '2018-04-08 16:51:59'),
(32, NULL, 'samsung', 's19', 'screen defect', 'yuvraj', 'yuvi.unique@gmail.com', 'india', '7865909876', 'pending', '2018-04-10 06:00:08', '2018-04-10 06:00:08'),
(33, NULL, 'samsung', 's19', 'screen', 'yuvraj', 'yuvi.unique@gmail.com', 'india', '6786543678', 'pending', '2018-04-10 06:02:22', '2018-04-10 06:02:22'),
(34, NULL, 'samsung', 's19', 'screen', 'yuvraj', 'yuvi.unique@gmail.com', 'india', '5876590987', 'pending', '2018-04-10 06:04:38', '2018-04-10 06:04:38');

-- --------------------------------------------------------

--
-- Table structure for table `pages`
--

CREATE TABLE `pages` (
  `id` int(11) NOT NULL,
  `page_title` varchar(255) COLLATE utf8_unicode_ci NOT NULL,
  `page_content` text COLLATE utf8_unicode_ci NOT NULL,
  `page_url` text COLLATE utf8_unicode_ci NOT NULL
) ENGINE=InnoDB DEFAULT CHARSET=utf8 COLLATE=utf8_unicode_ci;

--
-- Dumping data for table `pages`
--

INSERT INTO `pages` (`id`, `page_title`, `page_content`, `page_url`) VALUES
(1, 'How it Works', '<p>Tell us the device issue. You will need to submit few device details by selecting&nbsp; from a predefined set of list of issues. Please choose the closest possibilities.</p>\n\n<p>Once the issue is/ are identified, you will get a price estimate quote. If it suits you, please give us&nbsp; a go ahead to repair. We also give a approximate repair time frame.</p>\n\n<p>You could choose to hand it over to us at any of our local stores or have it courier depending at your ease. We will share the approximate repair time.</p>\n\n<p>Once the device is repaired and ready to be used, we inform you to collect it or choose a delivery option. Make payments once you receive device.</p>\n', ''),
(2, 'Repair in Bulk', '<p>Are there too many repairs for your team to handle? Is your tech team reeling under the pressure of backlog for repair? Are you tired of unresponsive &quot;repair insurance&quot; programs? PC Garage provides wholesale and bulk-rate repair services for many dealers and IT companies around the country. In many cases you&#39;d never know as PC Garage stays behind the scenes.</p>\n\n<p>We can fix devices in any number, whether 10, or 10,000.<br />\nWe are the trusted repair shop for many companies. We have the staff and stock always available for your convenience. As more devices you have for repair, we offer you a tailored cost estimate for you based on the type of repairs required and the number of devices.</p>\n\n<p>We offer</p>\n\n<p>&nbsp;&nbsp; <strong>&nbsp;1. Mail-in or Drop of services</strong><br />\n&nbsp;&nbsp; &nbsp;&nbsp;&nbsp; &nbsp;You can mail in your devices or drop them off at any of our conveniently located stores.<br />\n&nbsp;&nbsp; <strong>&nbsp;2. No hassle payment and volume pricing</strong><br />\n&nbsp;&nbsp; &nbsp;&nbsp;&nbsp; &nbsp;We are transparent in our dealings and offer you an estimate before we begin repairs. Our average bulk repair cost is as low as x.<br />\n&nbsp;&nbsp; <strong>&nbsp;3. Warranty on repairs</strong><br />\n&nbsp;&nbsp; &nbsp;&nbsp;&nbsp; &nbsp;We cover everything we do with an x month warranty. While drops and subsequent damage are not covered; any problem due to our install is covered 100%. No questions asked.</p>\n', ''),
(3, 'Book a Repair', '<p><strong>How to book a repair</strong><br />\nOur technicians are highly trained and set the industry standard for device repair.We can fix almost all problems on iPhones, iPads, Sony, Google, HTC and Samsung Galaxy devices. Smartphone, tablet or Laptop, you are just 3 simple steps away from a fully repaired device. If you need help understanding what&#39;s wrong with your device, just fill up a simple form, or bring your device to us at any of our stores or you could even mail-in your device.</p>\n\n<p>&nbsp;</p>\n\n<p><strong>Mail-in Device</strong><br />\nAll you need to do is fill out the &rsquo;Request a repair&rsquo; form. Print and send it to us along with your device. Once your device arrives at PC Garage, we will assess it and send you a quote for repair.</p>\n\n<p><br />\n<strong>Walk-in service</strong><br />\nHave no time to book a service or mail your device to us? Just walk-in to any of our conveniently located stores and get your device fixed on the spot from our expert technicians.</p>\n\n<p><br />\n<strong>Tracking the order</strong><br />\nThanks for dropping off your device in PC Garage for repair. You can use our online tracking tool to check the repair status of the device. You&rsquo;ll need your repair ID to fill out the tracking tool.<br />\n<strong>Repair Tracker</strong></p>\n\n<p>Repair ID*</p>\n\n<p>Last Name*</p>\n\n<p>Don&rsquo;t have a repair ID? <a href="https://pcgarage.uk.com/page/showpage/16">Click here</a></p>\n\n<p><strong>Selling your device</strong><br />\nThere is no quicker or better way to sell your old device for cash or trade in for a new model. At PC Garage we offer you the best value for your old device. If going in for a trade-in, we have an excellent range of both, new and refurbished devices.</p>\n\n<p><br />\nYour device&rsquo;s safety and our brand promise</p>\n\n<p>We take pride in our workmanship and provide high-quality repairs to our customers. We are so confident in the quality of our repairs that we include an x month warranty on all repairs.</p>\n\n<p><strong>Our aim is to keep our repair prices low and our repair quality high.</strong></p>\n', ''),
(4, 'Wireless Setup', '<p>Wireless setup</p>\n\n<p>Facing problems with your Internet connection? Or did you just purchase a new router and need help to setup a wireless home or office network? PC Garage is always at your service for your entire Internet and wireless network needs.</p>\n\n<p>Common home network problems</p>\n\n<ul>\n	<li>Loose and not properly hooked cables</li>\n	<li>Unable to connect to internet</li>\n	<li>Weak Wi-Fi signal</li>\n	<li>Weak Wi-Fi passwords</li>\n	<li>Cannot see other computers on the network</li>\n	<li>Slow connection</li>\n	<li>Router configuration</li>\n	<li>Network file sharing</li>\n</ul>\n\n<p>Benefits of our wireless network setup</p>\n\n<ul>\n	<li>Expert router and wireless configuration</li>\n	<li>Home network connectivity improvement</li>\n	<li>Support on home or business wireless setup</li>\n	<li>Expert analysis on home network problems</li>\n	<li>Extensive experience in wireless setup solutions</li>\n	<li>Complete networking tools</li>\n	<li>Secured wireless home/office network</li>\n	<li>Affordable and excellent service</li>\n</ul>\n\n<p>Do not risk your home network safety and security, call us to book an appointment with our experts to install and setup your network giving you a peace of mind. We can setup a secure wireless network in your home/office so that you can share anything and everything between as many computers as you like. Our service also offers customized solutions that can be tailored to perfectly fit your specific requirements and exact needs at very affordable rates.</p>\n', ''),
(5, 'About Company', '<p>Over the last 10 years, thousands of customers have trusted PC Garage to get their device issues fixed, quickly and efficiently. Our no risk and fixed price solutions are few of the reasons why customers entrust their device repair needs to us. We take pride in our honesty, clarity, and speed.</p>\n\n<p>We repair all mobile phones, tablets, PDAs and other portable devices along with PCs and laptops. Apart from these, one can also find services for software upgrades, data retrieval, phone unlocking, liquid damage, repairs and replacements of screens.</p>\n\n<p>We have established long-term business relationships with all our vendors. This ensures on-time availability of required parts at competitive prices, enabling us to provide you with quick repair service at a price you can&rsquo;t beat. Transparency is our middle name. We use audited workflow systems and strict security protocols, which ensures that your data, privacy, and identity is protected at all times. Our quick turnaround ensures minimum downtime and disruption to your business and personal lifestyle.</p>\n\n<p>The technicians who work on your devices undergo rigorous training. They are particularly knowledgeable in the diagnosis, service, and repair of mobile devices, PCs and laptops and their components, while also keeping abreast of manufacturer service bulletins. They have all the requisite skills to tackle any issue your device may have.</p>\n\n<p>At PC Garage, in the last 10 years, we have repaired 250,000+ devices and still counting. We have brought smiles to our customers&rsquo; faces and take pride in our professional, prompt and always courteous customer service.</p>\n\n<p>Innovative Team established PC Garage on 08th September 2007 when they realized there was a serious lack of fast, reliable device repair services operating in London city. Most device repair companies were spending all their time selling the products instead of also offering the after-sales hardware and software support that is so greatly needed to cope with the ever-changing face of technology.</p>\n', ''),
(6, 'Careers', '<p><strong>Looking for an exciting career?</strong></p>\n\n<p>We are always seeking talented retail and technical professionals to join the PC garbage team. Join us for a happy, healthy and comfortable work environment and get ready to add more to your experience, exposure and expertise. Sounds like you? Get in touch with us today!</p>\n\n<p><br />\n<strong>Current openings:-</strong></p>\n\n<p><strong>Retail Sales Assistant</strong></p>\n\n<p>Duties:<br />\n&middot; Providing advice on electronic items and repairs to help customers<br />\n&middot; Providing after sales support<br />\n&middot; Complete repair booking, updating and closing<br />\n&middot; Retail store operation and inventory management</p>\n\n<p><strong>Location: </strong>London</p>\n\n<p><strong>Repair Technician</strong></p>\n\n<p>To fit in this role, you will need to have a good understanding of our services, a<br />\nstrong interest in electronic items, a willingness to learn. Previous experience in a<br />\nsimilar set up is preferred.</p>\n\n<p><strong>Location: </strong>London</p>\n\n<p>Please mail you c.v: <strong>jobs@pcgarage.uk.com</strong></p>\n', ''),
(7, 'Our Team', '<p>Innovative Team established PC Garage on 08th September 2007 when they realized there was a serious lack of fast, reliable device repair services operating in London city. Most device repair companies were spending all their time selling the products instead of also offering the after-sales hardware and software support that is so greatly needed to cope with the ever-changing face of technology.</p>\n', ''),
(8, 'Corporate accounts', '<p><strong>Corporate Accounts</strong></p>\n\n<p>For your regular device repair needs we would be happy to onboard you as a corporate member. We offer special prices that better suit the needs of organizations that need more than one device repaired. You also get the flexibility of creating a customized repair plan for your business. Our services are significantly less expensive than repair-insurance and our quality and turnaround time are faster too.</p>\n\n<p><strong>Some of the features of our corporate service are:</strong></p>\n\n<ul>\n	<li>Dedicated Corporate Account Manager</li>\n	<li>Credit facilities (subject to status)</li>\n	<li>Fast track ( same day repair) service available</li>\n	<li>Web based tracking and management system with automatic email updates</li>\n	<li>Average repair time of x hours (almost half of most of our competitors)</li>\n	<li>Over 3,000 of the most commonly used parts kept in stock</li>\n</ul>\n\n<p><br />\n<strong>Why choose us?</strong></p>\n\n<ul>\n	<li>Low cost, quick repairs</li>\n	<li>Fast Track repair service available</li>\n	<li>Highest Quality OEM parts used</li>\n	<li>Fully trained UK based service technicians</li>\n	<li>Over 150,000 happy customers</li>\n	<li>Prices Include Parts, Labour, Vat and Warranty</li>\n</ul>\n\n<p><br />\n<strong>Safety of your data</strong></p>\n\n<p>Privacy and confidentiality of data are extremely important factors for us. We perform a full backup of your device to insure no data is lost when we complete your repair. However, you need not have any fear of personal information being compromised or stolen.</p>\n\n<p>&nbsp;</p>\n', ''),
(15, 'Why PC Garage', '<p>We understand that your device is an important and crucial part of your life, and we want to make device issues less stressful, time-consuming, and disruptive. At PC Garage,you can expect the best, in both quality and service. So, each time you think device repair, think PC Garage.</p>\n\n<p>&nbsp;</p>\n\n<ul>\n	<li>Warranty for ALL items serviced</li>\n</ul>\n\n<p><em>We guarantee that you will not discover any defects in the parts replaced or workmanship within this 180-days period.</em></p>\n\n<p>&nbsp;</p>\n\n<ul>\n	<li>Same day express service on most items</li>\n</ul>\n\n<p><em>&nbsp;You simply walkin for repair and walk out with a working device.We provide immediate, expert repair and care for all your mobile devices, so you can stay connected to the things that matter most to you.*</em></p>\n\n<p>&nbsp;</p>\n\n<ul>\n	<li>Full online service tracking and job history</li>\n</ul>\n\n<p><em>Our comprehensive database captures your profile and every repair,we have ever done for you over 10 years.</em></p>\n\n<p>&nbsp;</p>\n\n<ul>\n	<li>Courier service and mail in service available</li>\n</ul>\n\n<p><em>If for some reason you cannot bring your damaged device to our store, you can courier or mail it to us. We shall be happy to take a look at it and advise you on further action.</em></p>\n\n<p>&nbsp;</p>\n\n<ul>\n	<li>High-level customer referrals with proven high customer satisfaction</li>\n</ul>\n\n<p><em>Our repeat and referral customer traffic has been on a steady increase over the years. This for sure is an indicator of a great customer service and support. This year (2017) we are tracking almost 72% repeats and referrals!</em></p>\n\n<p>&nbsp;</p>\n\n<ul>\n	<li>Competitive pricing</li>\n</ul>\n\n<p>We are almost as much as 25% cheaper than manufacturer extended warranties. Customers from all over the UK send us their devices for repair.</p>\n\n<p>&nbsp;</p>\n\n<ul>\n	<li>Trained technicians</li>\n</ul>\n\n<p><em>We offer expert repair solutions through trained and certified technicians.Our fast repair service turnaround ensures minimum downtime and disruption.</em></p>\n\n<p>&nbsp;</p>\n\n<ul>\n	<li>Huge accessories inventory</li>\n</ul>\n\n<p><em>Our long-standing relationships with major component and accessories distributors ensure an almost always-available supply of high-quality accessories and parts.</em></p>\n\n<p>&nbsp;</p>\n\n<ul>\n	<li>Buy refurbished devices</li>\n</ul>\n\n<p><em>Examined by our trained service technicians, these devices are repaired with premium quality parts,reset to their original settings, and rigorously tested through an extensive quality inspection to ensure that they meet our standards for certification as a like-new device.</em></p>\n\n<p>&nbsp;</p>\n', ''),
(16, 'FAQs', '<p><strong>Is there anything I should do before sending or handing over my device?</strong></p>\n\n<p>All you need to do is tell us about the issue you&rsquo;re facing, and we shall take care of it.</p>\n\n<p>&nbsp;</p>\n\n<p><strong>What is the guarantee of my device safety?</strong></p>\n\n<p>All of our technicians are well-trained and certified experts. No harm will come to your device.</p>\n\n<p>&nbsp;</p>\n\n<p><strong>How can I track my repair order?</strong></p>\n\n<p>You can use our online tracking tool to check the repair status of the device. You&rsquo;ll need your repair ID to fill out the tracking tool.&nbsp;</p>\n\n<p>&nbsp;</p>\n\n<p><strong>Does your price include taxes?</strong></p>\n\n<p>All the prices include the applicable taxes.</p>\n\n<p>&nbsp;</p>\n\n<p><strong>I have lost my repair ID? How do I get it to track my order?</strong></p>\n\n<p>Please write to us at repair@pcgarage.uk.com using the email id you used to register with us, and we shall send you your device repair id.</p>\n\n<p>&nbsp;</p>\n\n<p><strong>What does your No Fix No Fee policy mean?</strong></p>\n\n<p>It represents our customer commitment.You only pay after you test your repaired device and confirming your satisfaction with our work.*</p>\n\n<p>&nbsp;</p>\n\n<p><strong>Can I cancel my repair order?</strong></p>\n\n<p>We repair most devices in less than an hour after we receive your approval on the estimate. Therefore, it is extremely important that you let us know of any change in plans within ( pls mention time frame)of placing your repair order.</p>\n\n<p>&nbsp;</p>\n\n<p><strong>Where is your warranty applicable and where not?</strong></p>\n\n<p>Our 180 days warranty is designed to give you a peace of mind after getting your device repaired by us.Your satisfaction is our priority! However, we do not offer any warranty for accidental damage like cracked screen and water damage etc.The warranty that we offer on our services is voided if your device is ever repaired elsewhere after our repair work.</p>\n\n<p>To see our full warranty policy, please follow this link.</p>\n\n<p>&nbsp;</p>\n\n<p><strong>What payment methods do you accept?</strong></p>\n\n<p>We accept Cash,Credit/Debit Card or PayPal (On-Line Payment). We do not accept any personal cheques. Business cheques are only accepted for corporate/bulk accounts.</p>\n\n<p>&nbsp;</p>\n\n<p><strong>I am not a UK resident. How do I pay?</strong></p>\n\n<p>You can make an online payment from anywhere in the world.</p>\n\n<p>&nbsp;</p>\n\n<p><strong>Can I see your service reviews somewhere?</strong></p>\n\n<p>You can check the reviews on our website. Also, we invite you to be a part of our Facebook family so that you are up to date about the latest happenings at PC Garage.</p>\n\n<p>&nbsp;</p>\n\n<p><strong>Do you offer a wholesale service?</strong></p>\n\n<p>Yes, we do. For corporate and bulk accounts please write to us at &ldquo;businessaccounts@pcgarage.uk.com&rdquo;<a name="_GoBack"></a></p>\n\n<p>&nbsp;</p>\n\n<p><strong>I am not satisfied with your work. What do I do?</strong></p>\n\n<p>We want our customers to be completely&nbsp;satisfied&nbsp;with our services. If you&#39;re not happy with the repairs, we will work with you till we get it right. Please be careful as refunds are not normally provided where you have simply changed your mind, or found the repairs cheaper elsewhere.</p>\n', ''),
(17, 'Terms and Conditions', '<p>Our repair services and products come with certain guarantees that are based on and governed by the laws of England and Wales and shall be subject to the exclusive jurisdiction of the English Courts.</p>\n\n<p><br />\n<strong>Service Terms</strong></p>\n\n<p>&nbsp;&nbsp; &nbsp;1. When entering a repair/service contract with PC Garage, whether verbal or written, you agree and understand all prior information provided to you about PC Garage and its services. You also agree to all of the sections of the following Terms and Conditions. As the consumer you acknowledge that you have made all efforts possible to seek and understand important information that relates to you and your selected service. Ultimately, it is your responsibility to understand all terms of services and the associated conditions of repair/warranty before entering a service contract.</p>\n\n<p>&nbsp;&nbsp; &nbsp;2. By providing your device for repair/servicing under our terms and conditions you agree and accept that you have either (A) you have made a backup copy of your data and removed any confidential, proprietary or personal information or (B) You have assumed the risk that such information or media may be lost, corrupted or compromised during our repair or service. You further acknowledge and agree that PC Garage cannot guarantee the safety, security or integrity of any data that remains on your product while it is undergoing service or repair.</p>\n\n<p>&nbsp;&nbsp; &nbsp;3. PC Garage is not responsible for events that are out of PC Garage reasonable control which lead to failures to complete a service, whether delayed or incomplete. PC Garage will not be held liable under these circumstances.</p>\n\n<p><strong>Modifications to Service Terms</strong></p>\n\n<p>&nbsp;&nbsp; &nbsp;1. Considering these Terms and Conditions, PC Garage will provide repair services of your product for the charges quoted by the PC Garage team unless further faults with the device are discovered by our tecnicians at the time of repair.</p>\n\n<p>&nbsp;&nbsp; &nbsp;2. Further problems with your device may mean that the previously stated quote is now deemed not contractible, and for this reason we ask you to provide us with all important information about the condition and past conditions of your device so we can best assist you as the customer. It is likely that other costs will be incurred in repairing the device to restore the device to a fully working order, if further faults are found. However, the pre-existing contract terms should not change. If they are likely to change due to newly found device conditions, you are entitled to be informed about this by PC Garage.</p>\n\n<p>&nbsp;&nbsp; &nbsp;3. If the requested services require a modification to the pre-existing contract not originally known to PC Garage, PC Garage will seek your approval of the revised estimated repair cost, and you will not be billed unfairly for any price fluctuations which have not been agreed upon previously. If you wish to not go ahead with the extra cost deemed necessary to repair your device further, you may be asked to pay a diagnostic fee, unless the service was contracted with a &lsquo;no diagnosis fees&rsquo; agreement.</p>\n\n<p>&nbsp;&nbsp; &nbsp;4. PC Garage also reserves the right to refuse service if a team member decides your device is not as described upon establishment of the repair contract. The customer may be accountable for a diagnostic fee in this and similar circumstances.</p>\n\n<p><br />\n<strong>Warranty Terms and Conditions</strong></p>\n\n<p>&nbsp;&nbsp; &nbsp;1. When the product is covered by an PC Garage warranty, PC Garage will perform repairs only covered under the terms of that warranty.</p>\n\n<p>&nbsp;&nbsp; &nbsp;2. If your product is repaired by PC Garage outside of a warranty claim, PC Garage warrants that (a) All repairs will be performed in a competent and professional manner and (b) all parts used to repair your device will be free from defects in materials and workmanship for a period of ninety (90) calendar days. If either of these points are not met, you are entitled to claim our 90 Day Warranty.</p>\n\n<p>&nbsp;&nbsp; &nbsp;3. Our 90 Day Warranty is valid from the time of repair upon<br />\n&nbsp;&nbsp; &nbsp;transaction completion, but not settlement, for the period of<br />\n&nbsp;&nbsp; &nbsp;90 (ninety) complete calendar days.</p>\n\n<p>&nbsp;&nbsp; &nbsp;4. Our 90 Day Warranty covers the replacement of replaced parts which have failed under manufacturer defects and fair wear and tear. Fair wear and tear does not include customer abuse and PC Garage holds the right as repairer to determine which cases fall under &lsquo;fair wear and tear&rsquo;, &lsquo;manufacturer defects and &lsquo;customer abuse&rsquo;.</p>\n\n<p>&nbsp;&nbsp; &nbsp;5. Repair payments cannot be refunded if the device can be repaired under the original service contract.</p>\n\n<p>&nbsp;&nbsp; &nbsp;6. If the original service contract cannot be met under a warranty claim, the payment value will be refunded inclusive of any tax paid.</p>\n\n<p>&nbsp;&nbsp; &nbsp;7. Warranties for all other hardware/software sold through PC Garage carries the original manufacturer warranty, if this can be provided by the manufacturer.</p>\n\n<p>&nbsp;&nbsp; &nbsp;8. If your device is repaired under warranty, the faulty replaced part becomes the property of PC Garage</p>\n\n<p>&nbsp;&nbsp; &nbsp;9. Replacement parts, and warranty claims carry an explicit 90 days Warranty on their failure as denoted in Section 3 &ndash; 2 &ndash;(b)</p>\n\n<p><strong>Payment Terms</strong></p>\n\n<p>&nbsp;&nbsp; &nbsp;1. Unless your product is repaired under warranty without charge, you will pay PC Garage the amount shown on your given invoice. You agree that you will pay for all services you agree to, and that PC Garage may charge your payment method for any products purchased and for any additional amounts (including any taxes and late fees, as applicable) that may be accrued by or in connection with your Account. YOU ARE RESPONSIBLE FOR THE TIMELY PAYMENT OF ALL FEES AND FOR PROVIDING PC GARAGE WITH A VALID PAYMENT METHOD FOR PAYMENT OF ALL FEES.</p>\n\n<p>&nbsp;&nbsp; &nbsp;2. Your payment is due once the contracted repair/service has been completed, and in the case of repairs your device has been returned to you. Both parties must agree that the service contract has been met in full. If one party decides the contracted service has not been completed, payment should not be made. It is then PC Garage responsibility to complete the service contract, and the customer to make payment. If the service contract cannot be met and PC Garage cancels the service contract before payment is received, there is no fee to the customer.</p>\n\n<p><br />\n<strong>Loss/Damage of</strong><strong> Devices</strong></p>\n\n<p>&nbsp;&nbsp; &nbsp;1. If any product should be damaged or lost whilst in PC Garage custody, PC Garage liability will be limited to the current second hand value of that device. The device&rsquo;s worth will be decided by PC Garage, taking into account for certain factors such as the aesthetic and functional condition of the device as a whole and also individually through its parts/components.</p>\n\n<p>&nbsp;&nbsp; &nbsp;2. To the extent permitted by law PC Garage cannot be found liable for any of the devices data loss, consequential damages, indirect, exemplary and loss of profits (as outlined in our Privacy Policy). Also to the extent permitted by law PC Garage has no liability for the loss or damage of software applications and/or data.</p>\n\n<p>&nbsp;&nbsp; &nbsp;3. The repair of your goods may result in the loss of data. PCGarage is not liable for any loss of software, data stored, residing or recorded in your product. Including removable data, confidential personal or proprietary information. By providing your product under our terms and conditions you agree and accept that you have either (A) you have made a backup copy of your data and removed any confidential,proprietary or personal information or (B) You have assumed the risk that such information or media may be lost, corrupted or compromised during our repair or service. You further acknowledge and agree that PC Garage cannot guarantee the safety, security or integrity of any data that remains on your product while it is undergoing service or repair.</p>\n\n<p><strong>Unclaimed Goods</strong></p>\n\n<p>&nbsp;&nbsp; &nbsp;1. It is a condition of PC Garage that any product repaired is subject to the disposal of uncollected goods legislation. This legislation allows PC Garage the right of sale exercisable in certain circumstances. If your product remains unclaimed, PCGarage reserves the right under law to dispose of that product in whichever way PC Garage deems fit. This includes the sale of your device with no fiscal compensation to the original owner.</p>\n\n<p><strong>Required Software Installation</strong></p>\n\n<p>&nbsp;&nbsp; &nbsp;1. If the repair service involves transferring information or installing software, you agree that any PC Garage team member has the need to copy the required information and agree to the terms of the software being installed in order to complete the agreed service contract. You hereby authorize PC Garage to transfer information and install required software and accept such terms on your behalf in performing the service.</p>\n\n<p><strong>Changes to the Terms and Conditions</strong></p>\n\n<p>&nbsp;&nbsp; &nbsp;1. PC Garage holds the right to change the above Terms and Conditions at any time, and it your responsibility to check you have read the most recent revision.<br />\n&nbsp;&nbsp; &nbsp;<br />\n&nbsp;&nbsp; &nbsp;2. All service contracts will be completed under the Terms and Conditions that governed the contract establishment.<br />\n&nbsp;&nbsp; &nbsp;<br />\n&nbsp;&nbsp; &nbsp;3. Any revision to the Document only affect future service contracts.<br />\n&nbsp;&nbsp; &nbsp;<br />\n&nbsp;&nbsp; &nbsp;4. These Terms and Conditions are governed by the laws of England and Wales and shall be subject to the exclusive jurisdiction of the English Courts.<br />\n&nbsp;&nbsp; &nbsp;<br />\n&nbsp;&nbsp; &nbsp;5. These Terms and Conditions are the only ones that govern PC Garage&rsquo;s product or services. Except otherwise stated by these terms and conditions or by a PC Garage team member, no other oral or written terms or conditions apply.<br />\n&nbsp;&nbsp; &nbsp;<br />\n&nbsp;&nbsp; &nbsp;6. No one has the authority from PC Garage to change any of these Terms and Conditions without authorization by management.</p>\n', ''),
(18, 'Data Recovery', '<p>When is a data&nbsp;recovery&nbsp;service required?</p>\n\n<p>A data recovery service is required when:</p>\n\n<ul>\n	<li>Your storage device media is physically damaged&nbsp;</li>\n	<li>Your data is on a mobile device&nbsp;</li>\n	<li>You&rsquo;re not comfortable doing it o your own using step-by-step software&nbsp;</li>\n</ul>\n\n<p>&nbsp;</p>\n\n<p>Recovering your data is important and for that you need experts</p>\n\n<p>A data recovery expert can help you:</p>\n\n<ul>\n	<li>Bring back lost files or information</li>\n	<li>Saving hours of frustration</li>\n	<li>Recovering data you might never have seen again</li>\n</ul>\n\n<p>Things you can try yourself first&nbsp;</p>\n\n<p><strong><em>Rebooting is the &lsquo;Golden Rule&rsquo; for a reason</em></strong></p>\n\n<p>Reboot your computer, your printer, your router, your mobile phone, your USB hub and everything else you&rsquo;re having a problem with. By reboot, we mean turn it off, wait a good minute or two, and turn it back on.</p>\n\n<p>&nbsp;</p>\n\n<p><strong><em>Reinstall and update your applications</em></strong></p>\n\n<p>Uninstalling and reinstalling an application would clear out any corrupt data or broken settings. It would also ensure that you&rsquo;re running the latest version of the software, complete with the latest compatibility updates and bug fixes.</p>\n\n<p>&nbsp;</p>\n\n<p><strong><em>Check for spyware and malware</em></strong></p>\n\n<p>Update your antivirus and antispyware software to the latest versions and run the most comprehensive scans.</p>\n\n<p>&nbsp;</p>\n\n<p><strong><em>Reinstall your operating system</em></strong></p>\n\n<p>Do a factory reset for your phone. Once you reinstall your OS your computer will go back to being as it was when you first bought it. That means broken files, corrupt data, dodgy extensions and any viruses will be wiped away. So will all your documents, photos, emails, apps and settings, so please ensure you have everything safely backed up.</p>\n\n<p>&nbsp;</p>\n\n<p>What you should expect&nbsp;</p>\n\n<p>When the above steps don&rsquo;t work, we&rsquo;re here to help.<a name="_GoBack"></a></p>\n\n<p>&nbsp;</p>\n\n<p><strong>A &lsquo;Certified Technician Only&rsquo; will fix your phone</strong></p>\n\n<p>Our technicians are trained and have many years of hands-onexperience of repairing mobile phones and other devices.</p>\n\n<p>&nbsp;</p>\n\n<p><strong>Repair vs New</strong></p>\n\n<p>We will always do what we can to fix your device so you don&rsquo;t have to buy a new one &mdash; and 9 times out of 10, repairing your device will be cheaper than replacing it.</p>\n\n<p>&nbsp;</p>\n\n<p><strong>Bringing it to us won&rsquo;t void the warranty</strong></p>\n\n<p>Any accidental damage to your phone and phew! the phone&rsquo;s limited one-year warranty is already voided. Coming to PC Garage won&rsquo;t void your warranty. According to a memo sent to Apple retail employees, customers getting their device&rsquo;s screen repaired by a third-party source no longer void their warranty like it once did</p>\n\n<p>&nbsp;</p>\n\n<p><strong>Safety of your data</strong></p>\n\n<p>Privacy and confidentiality of data are extremely important factors for us. We perform a full backup of your device to insure no data is lost when we complete your repair. However, you need not have any fear of personal information being compromised or stolen.</p>\n\n<p>&nbsp;</p>\n\n<p>What&#39;s Possible and what not</p>\n\n<p>We are dedicated to resolving your device woes. Our certified and friendly staff will repair your broken,faulty or damaged device to your satisfaction. Also, if you are interested you can trade off your old device for a new or a new-like refurbished phone. Most of our repairs are completed the same day. We shall notify you when the device is un-repairable and the reasond for it.</p>\n\n<p>&nbsp;</p>\n\n<p><strong>Disclaimer</strong></p>\n\n<p>This disclaimer covers all devices that come for repair to PC Garage.</p>\n\n<p>While undertaking the repair process, we will use all our expertise, diligent work and care to bring your device back to working the way it was. However, you at times might be able to observe slight variation of the device before and after it had been worked on. This is unavoidable. Our professional technicians will do their very best to make sure all devices worked upon will stay close to the original shape and design Also,Please take note of your device&rsquo;s pre existing condition before submitting it for repair work. We are only responsible for the part we replace.</p>\n\n<p>By submitting your device for repair hereafter, you agree that you not hold PC Garage or any of its technician and staff on this matter.</p>\n', ''),
(19, 'Sell Your Device in minutes', '<p>Have you recently upgraded your device? Or do you have an old one or two just sitting around retired?</p>\n\n<p>We may be interested in buying your unwanted device subject to a few conditions.</p>\n', '');

-- --------------------------------------------------------

--
-- Table structure for table `pc_issue`
--

CREATE TABLE `pc_issue` (
  `id` int(11) NOT NULL,
  `brand_id` int(11) NOT NULL,
  `issue_name` varchar(255) COLLATE utf8_unicode_ci NOT NULL,
  `image` varchar(255) COLLATE utf8_unicode_ci NOT NULL,
  `modal_id` int(11) NOT NULL,
  `price` float(10,2) NOT NULL
) ENGINE=InnoDB DEFAULT CHARSET=utf8 COLLATE=utf8_unicode_ci;

--
-- Dumping data for table `pc_issue`
--

INSERT INTO `pc_issue` (`id`, `brand_id`, `issue_name`, `image`, `modal_id`, `price`) VALUES
(25, 6, 'Broken Screen', 'mobile-broken-screen-icon.png', 306, 119.99),
(26, 6, 'Battery Problem', 'mobile-battery.png', 306, 49.99),
(33, 6, 'Network Problem', 'network-icon.png', 189, 49.99),
(34, 6, 'Battery Problem', 'mobile-battery.png', 189, 44.99),
(35, 6, 'Charging Port', 'charging-port-icon.png', 189, 39.99),
(36, 6, 'Diagnostic Service', 'diagnostic-service-icon.png', 189, 14.99),
(37, 6, 'Earpiece Repair', 'earpiece-icon.png', 189, 49.99),
(38, 6, 'Front Camera Repair', 'camera.png', 189, 49.99),
(39, 6, 'Broken Screen', 'broken-screen-icon.png', 189, 64.99),
(40, 6, 'Headphone Socket', 'headphone-socket.png', 189, 44.99),
(41, 6, 'Liquid Damage', 'liquid-damage-icon.png', 189, 39.99),
(42, 6, 'Loudspeaker', 'loudspeaker-icon.png', 189, 44.99),
(43, 6, 'Microphone', 'microphone.png', 189, 44.99),
(44, 6, 'Mute Button', 'mute-icon.png', 189, 44.99),
(45, 6, 'Power Button', 'power-button-icon.png', 189, 44.99),
(46, 6, 'Rear Camera', 'camera.png', 189, 44.99),
(47, 6, 'Rear Cover', 'rear-cover-icon.png', 189, 95.99),
(48, 6, 'Software Fix', 'softwere-fix-icon.png', 189, 39.99),
(49, 6, 'Vibration', 'vibration-icon.png', 189, 44.99),
(50, 6, 'Volume Repair', 'volume-icon.png', 189, 44.99),
(51, 6, 'WIFI Repair', 'wifi-icon.png', 189, 49.99),
(52, 6, 'Network Problem', 'network-icon.png', 187, 49.99),
(53, 6, 'Battery Problem', 'mobile-battery.png', 187, 29.99),
(54, 6, 'Charging Port', 'charging-port-icon.png', 187, 29.99),
(55, 6, 'Diagnostic Service', 'diagnostic-service-icon.png', 187, 24.49),
(56, 6, 'Earpiece Repair', 'earpiece-icon.png', 187, 29.99),
(57, 6, 'Front Camera', 'camera.png', 187, 29.99),
(58, 6, 'Broken Screen', 'broken-screen-icon.png', 187, 64.99),
(59, 6, 'Headphone Socket', 'headphone-socket.png', 187, 39.99),
(60, 6, 'Liquid Damage', 'liquid-damage-icon.png', 187, 29.99),
(61, 6, 'Loudspeaker', 'loudspeaker-icon.png', 187, 39.99),
(62, 6, 'Microphone', 'microphone.png', 187, 29.99),
(63, 6, 'Mute Button', 'mute-icon.png', 187, 29.99),
(64, 6, 'Power Button', 'power-button-icon.png', 187, 39.99),
(65, 6, 'Rear Camera', 'camera.png', 187, 29.99),
(66, 6, 'Rear Cover', 'rear-cover-icon.png', 187, 49.99),
(67, 6, 'Software Fix', 'softwere-fix-icon.png', 187, 24.99),
(68, 6, 'Vibration', 'vibration-icon.png', 187, 39.99),
(69, 6, 'Volume Repair', 'volume-icon.png', 187, 49.99),
(70, 6, 'WIFI Repair', 'wifi-icon.png', 187, 49.99),
(71, 40, 'Cracked Screen', 'cracked-screen-icon.png', 248, 395.99),
(72, 40, 'Battery Replacement', 'battery-replacement-icon.png', 248, 136.99),
(74, 61, 'Power Supply Repair', 'Power-Supply.png', 291, 0.00),
(75, 61, 'Motherboard', 'Motherboard.png', 291, 0.00),
(76, 61, 'Windows Re-installation', 'Windows-Re-installation.png', 291, 0.00),
(77, 61, 'Window Upgrade', 'Window-Upgrade.png', 291, 0.00),
(78, 61, 'Case Replacement', 'Case-Replacement.png', 291, 0.00),
(79, 61, 'Power Supply Repair', 'Power-Supply.png', 290, 0.00),
(80, 61, 'Motherboard', 'Motherboard.png', 290, 0.00),
(81, 61, 'Windows Re-installation', 'Windows-Re-installation.png', 290, 0.00),
(82, 61, 'Window Upgrade', 'Window-Upgrade.png', 290, 0.00),
(83, 61, 'Case Replacement', 'Case-Replacement.png', 290, 0.00),
(84, 61, 'Power Supply Repair', 'Power-Supply.png', 292, 0.00),
(85, 61, 'Motherboard', 'Motherboard.png', 292, 0.00),
(86, 61, 'Windows Re-installation', 'Windows-Re-installation.png', 292, 0.00),
(87, 61, 'Window Upgrade', 'Window-Upgrade.png', 292, 0.00),
(88, 61, 'Case Replacement', 'Case-Replacement.png', 292, 0.00),
(89, 61, 'Power Supply Repair', 'Power-Supply.png', 293, 0.00),
(90, 61, 'Motherboard', 'Motherboard.png', 293, 0.00),
(91, 61, 'Windows Re-installation', 'Windows-Re-installation.png', 293, 0.00),
(92, 61, 'Window Upgrade', 'Window-Upgrade.png', 293, 0.00),
(93, 61, 'Case Replacement', 'Case-Replacement.png', 293, 0.00),
(94, 16, 'Front Glass', 'front-glass-icon.png', 271, 48.99),
(95, 16, 'Network Problam', 'network-icon.png', 271, 36.99),
(96, 16, 'Battery Problam', 'battery-icon.png', 271, 43.99),
(97, 16, 'Charging Port', 'charging-port-icon.png', 271, 48.99),
(98, 16, 'Front Camera', 'camera-icon.png', 271, 36.99),
(99, 16, 'Headphone Socket', 'headphone-icon.png', 271, 36.99),
(100, 16, 'Front Glass', 'front-glass-icon.png', 270, 48.99),
(101, 16, 'Battery Problam', 'battery-icon.png', 270, 43.99),
(102, 16, 'Charging Port', 'charging-port-icon.png', 270, 48.99),
(103, 16, 'Front Camera', 'camera-icon.png', 270, 36.99),
(104, 16, 'Headphone Socket', 'headphone-icon.png', 270, 36.99),
(105, 16, 'Front Glass', 'front-glass-icon.png', 269, 58.99),
(106, 16, 'Battery Problam', 'battery-icon.png', 269, 68.99),
(107, 16, 'Charging Port', 'charging-port-icon.png', 269, 68.99),
(108, 16, 'Front Camera', 'camera-icon.png', 269, 68.99),
(109, 16, 'Headphone Socket', 'headphone-icon.png', 269, 68.99),
(110, 16, 'Front Glass', 'front-glass-icon.png', 268, 194.99),
(111, 16, 'Battery Problam', 'battery-icon.png', 268, 68.99),
(112, 16, 'Charging Port', 'charging-port-icon.png', 268, 68.99),
(113, 16, 'Front Camera', 'camera-icon.png', 268, 68.99),
(114, 16, 'Headphone Socket', 'headphone-icon.png', 268, 68.99),
(115, 16, 'Front Glass', 'front-glass-icon.png', 275, 48.99),
(116, 16, 'Network Problam', 'network-icon.png', 275, 48.99),
(117, 16, 'Battery Problam', 'battery-icon.png', 275, 48.99),
(118, 16, 'Charging Port', 'charging-port-icon.png', 275, 48.99),
(119, 16, 'Front Camera', 'camera-icon.png', 275, 38.99),
(120, 16, 'Headphone Socket', 'headphone-icon.png', 275, 38.99),
(121, 16, 'Front Glass', 'front-glass-icon.png', 274, 48.99),
(122, 16, 'Network Problam', 'network-icon.png', 274, 36.99),
(123, 16, 'Battery Problam', 'battery-icon.png', 274, 43.99),
(124, 16, 'Charging Port', 'charging-port-icon.png', 274, 48.99),
(125, 16, 'Front Camera', 'camera-icon.png', 274, 36.99),
(126, 16, 'Headphone Socket', 'headphone-icon.png', 274, 36.99),
(127, 16, 'Front Glass', 'front-glass-icon.png', 273, 48.99),
(128, 16, 'Network Problam', 'network-icon.png', 273, 36.99),
(129, 16, 'Battery Problam', 'battery-icon.png', 273, 43.99),
(130, 16, 'Charging Port', 'charging-port-icon.png', 273, 48.99),
(131, 16, 'Front Camera', 'camera-icon.png', 273, 36.99),
(132, 16, 'Headphone Socket', 'headphone-icon.png', 273, 36.99),
(133, 16, 'Front Glass', 'front-glass-icon.png', 272, 48.99),
(134, 16, 'Network Problam', 'network-icon.png', 272, 36.99),
(135, 16, 'Battery Problam', 'battery-icon.png', 272, 43.99),
(136, 16, 'Charging Port', 'charging-port-icon.png', 272, 48.99),
(137, 16, 'Front Camera', 'camera-icon.png', 272, 36.99),
(138, 16, 'Headphone Socket', 'headphone-icon.png', 272, 36.99),
(139, 16, 'Front Glass', 'front-glass-icon.png', 267, 48.99),
(140, 16, 'Network Problam', 'network-icon.png', 267, 36.99),
(141, 16, 'Battery Problam', 'battery-icon.png', 267, 43.99),
(142, 16, 'Charging Port', 'charging-port-icon.png', 267, 48.99),
(143, 16, 'Front Camera', 'camera-icon.png', 267, 36.99),
(144, 16, 'Headphone Socket', 'headphone-icon.png', 267, 36.99),
(145, 16, 'Front Glass', 'front-glass-icon.png', 266, 295.99),
(146, 16, 'Battery Problam', 'battery-icon.png', 266, 68.99),
(147, 16, 'Charging Port', 'charging-port-icon.png', 266, 68.99),
(148, 16, 'Front Camera', 'camera-icon.png', 266, 68.99),
(149, 16, 'Headphone Socket', 'headphone-icon.png', 266, 68.99),
(150, 16, 'Front Glass', 'front-glass-icon.png', 265, 257.99),
(151, 16, 'Battery Problam', 'battery-icon.png', 265, 98.99),
(152, 16, 'Charging Port', 'charging-port-icon.png', 265, 98.99),
(153, 16, 'Front Camera', 'camera-icon.png', 265, 98.99),
(154, 16, 'Headphone Socket', 'headphone-icon.png', 265, 98.99),
(155, 16, 'Battery Problam', 'battery-icon.png', 264, 98.99),
(156, 16, 'Charging Port', 'charging-port-icon.png', 264, 98.99),
(157, 16, 'Front Camera', 'camera-icon.png', 264, 98.99),
(158, 16, 'Headphone Socket', 'headphone-icon.png', 264, 98.99),
(159, 16, 'Front Glass', 'front-glass-icon.png', 263, 344.99),
(160, 16, 'Battery Problam', 'battery-icon.png', 263, 98.99),
(161, 16, 'Charging Port', 'charging-port-icon.png', 263, 98.99),
(162, 16, 'Front Camera', 'camera-icon.png', 263, 98.99),
(163, 16, 'Headphone Socket', 'headphone-icon.png', 263, 98.99),
(164, 17, 'Front Glass', 'samsung-front-glass-icon.png', 276, 324.99),
(165, 17, 'Battery Problam', 'samsung-battery-icon.png', 276, 197.99),
(166, 17, 'Charging Port', 'samsung-charging-port-icon.png', 276, 197.99),
(167, 17, 'Front Camera', 'samsung-camera-icon.png', 276, 197.99),
(168, 17, 'Headphone Socket', 'samsung-headphone-icon.png', 276, 197.99),
(169, 17, 'Front Glass', 'samsung-front-glass-icon.png', 277, 247.99),
(170, 17, 'Battery Problam', 'samsung-battery-icon.png', 277, 197.99),
(171, 17, 'Charging Port', 'samsung-charging-port-icon.png', 277, 197.99),
(172, 17, 'Front Camera', 'samsung-camera-icon.png', 277, 197.99),
(173, 17, 'Headphone Socket', 'samsung-headphone-icon.png', 277, 197.99),
(174, 17, 'Front Glass', 'samsung-front-glass-icon.png', 278, 197.99),
(175, 17, 'Battery Problam', 'samsung-battery-icon.png', 278, 68.99),
(176, 17, 'Charging Port', 'samsung-charging-port-icon.png', 278, 68.99),
(177, 17, 'Front Camera', 'samsung-camera-icon.png', 278, 68.99),
(178, 17, 'Headphone Socket', 'samsung-headphone-icon.png', 278, 68.99),
(179, 17, 'Front Glass', 'samsung-front-glass-icon.png', 279, 197.99),
(180, 17, 'Battery Problam', 'samsung-battery-icon.png', 279, 68.99),
(181, 17, 'Charging Port', 'samsung-charging-port-icon.png', 279, 68.99),
(182, 17, 'Front Camera', 'samsung-camera-icon.png', 279, 68.99),
(183, 17, 'Headphone Socket', 'samsung-headphone-icon.png', 279, 68.99),
(184, 17, 'Front Glass', 'samsung-front-glass-icon.png', 280, 127.99),
(185, 17, 'Battery Problam', 'samsung-battery-icon.png', 280, 68.99),
(186, 17, 'Charging Port', 'samsung-charging-port-icon.png', 280, 68.99),
(187, 17, 'Front Camera', 'samsung-camera-icon.png', 280, 68.99),
(188, 17, 'Headphone Socket', 'samsung-headphone-icon.png', 280, 68.99),
(189, 17, 'Front Glass', 'samsung-front-glass-icon.png', 281, 197.99),
(190, 17, 'Battery Problam', 'samsung-battery-icon.png', 281, 68.99),
(191, 17, 'Charging Port', 'samsung-charging-port-icon.png', 281, 68.99),
(192, 17, 'Front Camera', 'samsung-camera-icon.png', 281, 68.99),
(193, 17, 'Headphone Socket', 'samsung-headphone-icon.png', 281, 68.99),
(194, 25, 'Front Glass', 'broken-screen-icon.png', 247, 365.99),
(197, 25, 'Battery Problam', 'mobile-battery.png', 247, 98.99),
(198, 25, 'Charging Port', 'charging-port-icon.png', 247, 290.99),
(199, 25, 'Front Camera', 'camera.png', 247, 98.99),
(200, 25, 'Headphone Socket', 'headphone-socket.png', 247, 98.99),
(201, 25, 'Front Glass', 'broken-screen-icon.png', 246, 289.99),
(203, 25, 'Battery Problam', 'mobile-battery.png', 246, 98.99),
(204, 25, 'Charging Port', 'charging-port-icon.png', 246, 289.99),
(205, 25, 'Front Camera', 'camera.png', 246, 98.99),
(206, 25, 'Front Glass', 'broken-screen-icon.png', 245, 285.99),
(207, 25, 'Battery Problam', 'mobile-battery.png', 245, 98.99),
(208, 25, 'Charging Port', 'charging-port-icon.png', 245, 285.99),
(209, 25, 'Front Camera', 'camera.png', 245, 98.99),
(211, 25, 'Network Problam', 'network-icon.png', 247, 289.99),
(212, 25, 'Headphone Socket', 'headphone-socket.png', 246, 98.99),
(213, 25, 'Headphone Socket', 'headphone-socket.png', 245, 98.99),
(214, 25, 'Front Glass', 'broken-screen-icon.png', 244, 197.99),
(215, 25, 'Battery Problam', 'mobile-battery.png', 244, 98.99),
(216, 25, 'Charging Port', 'charging-port-icon.png', 244, 98.99),
(217, 25, 'Front Camera', 'camera.png', 244, 98.99),
(218, 25, 'Headphone Socket', 'headphone-socket.png', 244, 98.99),
(219, 25, 'Front Glass', 'broken-screen-icon.png', 243, 265.99),
(220, 25, 'Battery Problam', 'mobile-battery.png', 243, 77.99),
(221, 25, 'Network Problam', 'network-icon.png', 243, 77.99),
(222, 25, 'Charging Port', 'charging-port-icon.png', 243, 77.99),
(223, 25, 'Front Camera', 'camera.png', 243, 77.99),
(224, 25, 'Headphone Socket', 'headphone-socket.png', 243, 77.99),
(225, 25, 'Front Glass', 'broken-screen-icon.png', 242, 205.99),
(226, 25, 'Network Problam', 'network-icon.png', 242, 77.99),
(227, 25, 'Battery Problam', 'mobile-battery.png', 242, 77.99),
(228, 25, 'Charging Port', 'charging-port-icon.png', 242, 77.99),
(229, 25, 'Battery Problam', 'mobile-battery.png', 242, 77.99),
(230, 25, 'Charging Port', 'charging-port-icon.png', 242, 77.99),
(231, 25, 'Front Camera', 'camera.png', 242, 77.99),
(232, 25, 'Headphone Socket', 'headphone-socket.png', 242, 77.99),
(233, 25, 'Front Glass', 'broken-screen-icon.png', 241, 185.99),
(234, 25, 'Network Problam', 'network-icon.png', 241, 77.99),
(235, 25, 'Battery Problam', 'mobile-battery.png', 241, 77.99),
(236, 25, 'Battery Problam', 'mobile-battery.png', 241, 77.99),
(237, 25, 'Charging Port', 'charging-port-icon.png', 241, 77.99),
(238, 25, 'Front Camera', 'camera.png', 241, 77.99),
(239, 25, 'Headphone Socket', 'headphone-socket.png', 241, 77.99),
(240, 25, 'Front Glass', 'broken-screen-icon.png', 240, 136.99),
(241, 25, 'Network Problam', 'network-icon.png', 240, 48.99),
(242, 25, 'Battery Problam', 'mobile-battery.png', 240, 28.99),
(243, 25, 'Charging Port', 'charging-port-icon.png', 240, 38.99),
(244, 25, 'Front Camera', 'camera.png', 240, 48.99),
(245, 25, 'Headphone Socket', 'headphone-socket.png', 240, 48.99),
(246, 25, 'Front Glass', 'broken-screen-icon.png', 239, 146.99),
(247, 25, 'Network Problam', 'network-icon.png', 239, 67.99),
(248, 25, 'Battery Problam', 'mobile-battery.png', 239, 48.99),
(249, 25, 'Charging Port', 'charging-port-icon.png', 239, 67.99),
(250, 25, 'Front Camera', 'camera.png', 239, 67.99),
(251, 25, 'Headphone Socket', 'headphone-socket.png', 239, 67.99),
(252, 25, 'Front Glass', 'broken-screen-icon.png', 238, 48.99),
(253, 25, 'Network Problam', 'network-icon.png', 238, 48.99),
(254, 25, 'Battery Problam', 'mobile-battery.png', 238, 28.99),
(255, 25, 'Charging Port', 'charging-port-icon.png', 238, 48.99),
(256, 25, 'Front Camera', 'camera.png', 238, 48.99),
(257, 25, 'Headphone Socket', 'headphone-socket.png', 238, 48.99),
(258, 25, 'Front Camera', 'camera.png', 237, 38.99),
(259, 25, 'Front Glass', 'broken-screen-icon.png', 237, 77.99),
(260, 25, 'Battery Problam', 'mobile-battery.png', 236, 28.99),
(261, 25, 'Charging Port', 'charging-port-icon.png', 237, 36.99),
(262, 25, 'Headphone Socket', 'headphone-socket.png', 237, 38.99),
(263, 25, 'Network Problam', 'network-icon.png', 236, 38.99),
(264, 25, 'Battery Problam', 'mobile-battery.png', 236, 28.99),
(265, 25, 'Front Camera', 'camera.png', 236, 38.99),
(266, 25, 'Headphone Socket', 'headphone-socket.png', 236, 38.99),
(267, 25, 'Front Glass', 'broken-screen-icon.png', 235, 97.99),
(268, 25, 'Network Problam', 'network-icon.png', 235, 28.99),
(269, 25, 'Battery Problam', 'mobile-battery.png', 235, 28.99),
(270, 25, 'Charging Port', 'samsung-model.png', 0, 36.99),
(271, 25, 'Front Camera', 'camera.png', 235, 32.99),
(272, 25, 'Headphone Socket', 'headphone-socket.png', 235, 28.99),
(273, 25, 'Front Screen', 'broken-screen-icon.png', 234, 92.99),
(274, 25, 'Network Problam', 'network-icon.png', 234, 28.99),
(275, 25, 'Battery Problam', 'mobile-battery.png', 234, 28.99),
(276, 25, 'Charging Port', 'charging-port-icon.png', 234, 36.99),
(277, 25, 'Front Camera', 'camera.png', 234, 32.99),
(278, 25, 'Headphone Socket', 'headphone-socket.png', 234, 28.99),
(279, 6, 'Broken Screen', 'broken-screen-icon.png', 311, 315.99),
(280, 6, 'Broken Screen', 'broken-screen-icon.png', 312, 54.99),
(281, 6, 'Network Problam', 'network-icon.png', 312, 49.99),
(282, 6, 'Battery Problam', 'mobile-battery.png', 312, 29.99),
(283, 6, 'Charging Port', 'charging-port-icon.png', 312, 29.99),
(284, 6, 'Front Camera', 'camera.png', 312, 29.99),
(285, 6, 'Headphone Socket', 'headphone-socket.png', 312, 39.99),
(286, 6, 'Broken Screen', 'broken-screen-icon.png', 313, 59.99),
(287, 6, 'Network Problam', 'network-icon.png', 313, 49.99),
(288, 6, 'Battery Problam', 'mobile-battery.png', 313, 29.99),
(289, 6, 'Charging Port', 'charging-port-icon.png', 313, 29.99),
(290, 6, 'Front Camera', 'camera.png', 313, 29.99),
(291, 6, 'Headphone Socket', 'headphone-socket.png', 313, 39.99),
(292, 6, 'Broken Screen', 'broken-screen-icon.png', 314, 51.99),
(293, 6, 'Network Problam', 'network-icon.png', 314, 45.99),
(294, 6, 'Battery Problam', 'mobile-battery.png', 314, 29.99),
(295, 6, 'Charging Port', 'charging-port-icon.png', 314, 29.99),
(296, 6, 'Front Camera', 'camera.png', 314, 29.99),
(297, 6, 'Headphone Socket', 'headphone-socket.png', 314, 39.99),
(298, 6, 'Broken Screen', 'broken-screen-icon.png', 315, 24.99),
(299, 6, 'Network Problam', 'network-icon.png', 315, 39.99),
(300, 6, 'Battery Problam', 'mobile-battery.png', 315, 24.99),
(301, 6, 'Charging Port', 'charging-port-icon.png', 315, 24.99),
(302, 6, 'Front Camera', 'camera.png', 315, 24.99),
(303, 6, 'Headphone Socket', 'headphone-socket.png', 315, 24.99),
(304, 6, 'Broken Screen', 'broken-screen-icon.png', 316, 35.99),
(305, 6, 'Network Problam', 'network-icon.png', 316, 39.99),
(306, 6, 'Battery Problam', 'mobile-battery.png', 316, 24.99),
(307, 6, 'Charging Port', 'charging-port-icon.png', 316, 24.99),
(308, 6, 'Front Camera', 'camera.png', 316, 24.99),
(309, 6, 'Headphone Socket', 'headphone-socket.png', 316, 24.99),
(310, 6, 'Broken Screen', 'broken-screen-icon.png', 317, 34.99),
(311, 6, 'Network Problam', 'network-icon.png', 317, 39.99),
(312, 6, 'Battery Problam', 'mobile-battery.png', 317, 24.99),
(313, 6, 'Charging Port', 'charging-port-icon.png', 317, 24.99),
(314, 6, 'Front Camera', 'camera.png', 317, 24.99),
(315, 6, 'Headphone Socket', 'headphone-socket.png', 317, 24.99),
(318, 6, 'Network Problam', 'network-icon.png', 318, 39.99),
(319, 6, 'Battery Problam', 'mobile-battery.png', 318, 19.99),
(320, 6, 'Charging Port', 'charging-port-icon.png', 318, 19.99),
(324, 25, 'Battery Problam', 'mobile-battery.png', 233, 11.99),
(325, 25, 'Liquid Damage', 'liquid-damage-icon.png', 233, 39.99),
(326, 25, 'Dignostic Service', 'diagnostic-service-icon.png', 233, 11.99),
(327, 25, 'Broken Screen', 'broken-screen-icon.png', 232, 77.99),
(328, 25, 'Battery Problam', 'mobile-battery.png', 232, 28.99),
(329, 25, 'Liquid Damage', 'liquid-damage-icon.png', 232, 18.99),
(330, 25, 'Dignostic Service', 'diagnostic-service-icon.png', 232, 19.99),
(331, 25, 'Broken Screen', 'broken-screen-icon.png', 227, 116.99),
(332, 25, 'Network Problam', 'network-icon.png', 227, 68.99),
(333, 25, 'Battery Problem', 'mobile-battery.png', 227, 68.99),
(334, 25, 'Charging Port', 'charging-port-icon.png', 227, 68.99),
(335, 25, 'Front Camera', 'camera.png', 227, 68.99),
(336, 25, 'Headphone Socket', 'headphone-socket.png', 227, 68.99),
(337, 25, 'Liquid Damage', 'liquid-damage-icon.png', 227, 68.99),
(338, 25, 'Dignostic Service', 'diagnostic-service-icon.png', 227, 68.99),
(339, 25, 'Broken Screen', 'broken-screen-icon.png', 225, 136.99),
(340, 25, 'Network Problam', 'network-icon.png', 225, 68.99),
(341, 25, 'Battery Problam', 'mobile-battery.png', 225, 68.99),
(342, 25, 'Charging Port', 'charging-port-icon.png', 225, 68.99),
(343, 25, 'Front Camera', 'camera.png', 225, 68.99),
(344, 25, 'Headphone Socket', 'headphone-socket.png', 225, 68.99),
(345, 25, 'Liquid Damage', 'liquid-damage-icon.png', 225, 68.99),
(346, 25, 'Diagnostic Service', 'diagnostic-service-icon.png', 225, 68.99),
(347, 25, 'Broken Screen', 'broken-screen-icon.png', 231, 116.99),
(348, 25, 'Battery Problem', 'mobile-battery.png', 231, 28.99),
(349, 25, 'Diagnostic Service', 'diagnostic-service-icon.png', 231, 19.99),
(350, 25, 'Liquid Damage', 'liquid-damage-icon.png', 231, 18.99),
(351, 25, 'Broken Screen', 'broken-screen-icon.png', 230, 127.99),
(352, 25, 'Battery Problem', 'mobile-battery.png', 230, 48.99),
(353, 25, 'Diagnostic Service', 'diagnostic-service-icon.png', 230, 18.99),
(354, 25, 'Liquid Damage', 'liquid-damage-icon.png', 230, 18.99),
(355, 25, 'Broken Screen', 'broken-screen-icon.png', 229, 146.99),
(356, 25, 'Battery Problem', 'mobile-battery.png', 229, 48.99),
(357, 25, 'Charging Port', 'charging-port-icon.png', 229, 48.99),
(358, 47, 'Network Problem', 'network-icon.png', 85, 77.99),
(359, 47, 'Battery Problem', 'mobile-battery.png', 85, 77.99),
(360, 47, 'Charging Port', 'charging-port-icon.png', 85, 77.99),
(361, 47, 'Front Camera', 'camera.png', 85, 77.99),
(362, 47, 'Headphone Socket', 'headphone-socket.png', 85, 77.99),
(363, 47, 'Liquid Damage', 'liquid-damage-icon.png', 85, 48.99),
(364, 47, 'Diagnostic Service', 'diagnostic-service-icon.png', 85, 77.99),
(365, 47, 'Network Problem', 'network-icon.png', 87, 48.99),
(366, 47, 'Battery Problem', 'mobile-battery.png', 87, 48.99),
(367, 47, 'Charging Port', 'charging-port-icon.png', 87, 48.99),
(369, 47, 'Front Camera', 'camera.png', 87, 48.99),
(370, 47, 'Headphone Socket', 'headphone-socket.png', 87, 48.99),
(371, 47, 'Liquid Damage', 'liquid-damage-icon.png', 87, 48.99),
(372, 47, 'Diagnostic Service', 'diagnostic-service-icon.png', 87, 48.99),
(373, 47, 'Network Problem', 'network-icon.png', 88, 77.99),
(374, 47, 'Battery Problem', 'mobile-battery.png', 88, 77.99),
(375, 47, 'Front Camera', 'camera.png', 88, 77.99),
(376, 47, 'Headphone Socket', 'headphone-socket.png', 88, 77.99),
(377, 47, 'Charging Port', 'charging-port-icon.png', 88, 77.99),
(378, 47, 'Liquid Damage', 'liquid-damage-icon.png', 88, 48.99),
(379, 47, 'Diagnostic Service', 'diagnostic-service-icon.png', 88, 77.99),
(380, 47, 'Network Problem', 'network-icon.png', 89, 77.99),
(381, 47, 'Battery Problem', 'mobile-battery.png', 89, 77.99),
(382, 47, 'Charging Port', 'charging-port-icon.png', 89, 77.99),
(383, 47, 'Headphone Socket', 'headphone-socket.png', 89, 77.99),
(384, 47, 'Front Camera', 'camera.png', 89, 77.99),
(385, 47, 'Diagnostic Service', 'diagnostic-service-icon.png', 89, 77.99),
(386, 47, 'Liquid Damage', 'liquid-damage-icon.png', 89, 48.99),
(387, 47, 'Broken Screen', 'broken-screen-icon.png', 90, 67.99),
(388, 47, 'Network Problem', 'network-icon.png', 90, 58.99),
(389, 47, 'Battery Problem', 'mobile-battery.png', 90, 58.99),
(390, 47, 'Charging Port', 'charging-port-icon.png', 90, 58.99),
(391, 47, 'Front Camera', 'camera.png', 90, 58.99),
(392, 47, 'Headphone Socket', 'headphone-socket.png', 90, 58.99),
(393, 47, 'Liquid Damage', 'liquid-damage-icon.png', 90, 48.99),
(394, 47, 'Diagnostic Service', 'diagnostic-service-icon.png', 90, 58.99),
(395, 47, 'Broken Screen', 'broken-screen-icon.png', 91, 66.99),
(396, 47, 'Network Problem', 'network-icon.png', 91, 77.99),
(397, 47, 'Battery Problem', 'mobile-battery.png', 91, 33.99),
(398, 47, 'Charging Port', 'charging-port-icon.png', 91, 33.99),
(399, 47, 'Front Camera', 'camera.png', 91, 77.99),
(400, 47, 'Headphone Socket', 'headphone-socket.png', 91, 33.99),
(401, 47, 'Liquid Damage', 'liquid-damage-icon.png', 91, 48.99),
(402, 47, 'Diagnostic Service', 'diagnostic-service-icon.png', 91, 33.99),
(403, 47, 'Broken Screen', 'broken-screen-icon.png', 92, 68.99),
(404, 47, 'Network Problem', 'network-icon.png', 92, 48.99),
(405, 47, 'Battery Problem', 'mobile-battery.png', 92, 33.99),
(406, 47, 'Charging Port', 'charging-port-icon.png', 92, 33.99),
(407, 47, 'Front Camera', 'camera.png', 92, 48.99),
(408, 47, 'Headphone Socket', 'headphone-socket.png', 92, 33.99),
(409, 47, 'Liquid Damage', 'liquid-damage-icon.png', 92, 48.99),
(410, 47, 'Diagnostic Service', 'diagnostic-service-icon.png', 92, 28.99),
(411, 52, 'Network Problem', 'network-icon.png', 118, 77.99),
(412, 52, 'Battery Problem', 'mobile-battery.png', 118, 79.99),
(413, 52, 'Charging Port', 'charging-port-icon.png', 118, 77.99),
(414, 52, 'Front Camera', 'camera.png', 118, 77.99),
(415, 52, 'Headphone Socket', 'headphone-socket.png', 118, 77.99),
(416, 52, 'Liquid Damage', 'liquid-damage-icon.png', 118, 77.99),
(417, 52, 'Diagnostic Service', 'diagnostic-service-icon.png', 118, 77.99),
(418, 52, 'Network Problem', 'network-icon.png', 117, 67.99),
(419, 52, 'Battery Problem', 'mobile-battery.png', 117, 67.99),
(420, 52, 'Charging Port', 'charging-port-icon.png', 117, 67.99),
(421, 52, 'Front Camera', 'camera.png', 117, 67.99),
(422, 52, 'Headphone Socket', 'headphone-socket.png', 117, 67.99),
(423, 52, 'Liquid Damage', 'liquid-damage-icon.png', 117, 67.99),
(424, 52, 'Diagnostic Service', 'diagnostic-service-icon.png', 117, 67.99),
(425, 52, 'Network Problem', 'network-icon.png', 114, 77.99),
(426, 52, 'Battery Problem', 'mobile-battery.png', 114, 77.99),
(427, 52, 'Broken Screen', 'broken-screen-icon.png', 114, 155.99),
(428, 52, 'Charging Port', 'charging-port-icon.png', 114, 77.99),
(429, 52, 'Front Camera', 'camera.png', 114, 77.99),
(430, 52, 'Headphone Socket', 'headphone-socket.png', 114, 77.99),
(431, 52, 'Liquid Damage', 'liquid-damage-icon.png', 114, 77.99),
(432, 52, 'Diagnostic Service', 'diagnostic-service-icon.png', 114, 77.99),
(433, 52, 'Broken Screen', 'broken-screen-icon.png', 115, 77.99),
(434, 52, 'Network Problem', 'network-icon.png', 115, 48.99),
(435, 52, 'Battery Problem', 'mobile-battery.png', 115, 48.99),
(436, 52, 'Charging Port', 'charging-port-icon.png', 115, 48.99),
(437, 52, 'Front Camera', 'camera.png', 115, 48.99),
(438, 52, 'Headphone Socket', 'headphone-socket.png', 115, 48.99),
(439, 52, 'Liquid Damage', 'liquid-damage-icon.png', 115, 48.99),
(440, 52, 'Diagnostic Service', 'diagnostic-service-icon.png', 115, 48.99),
(441, 52, 'Broken Screen', 'broken-screen-icon.png', 116, 126.99),
(442, 52, 'Network Problem', 'network-icon.png', 116, 48.99),
(443, 52, 'Battery Problem', 'mobile-battery.png', 116, 48.99),
(444, 52, 'Front Camera', 'camera.png', 116, 48.99),
(445, 52, 'Headphone Socket', 'headphone-socket.png', 116, 48.99),
(446, 52, 'Liquid Damage', 'liquid-damage-icon.png', 116, 48.99),
(447, 52, 'Diagnostic Service', 'diagnostic-service-icon.png', 116, 48.99),
(448, 52, 'Broken Screen', 'broken-screen-icon.png', 113, 97.99),
(449, 52, 'Network Problem', 'network-icon.png', 113, 77.99),
(450, 52, 'Battery Problem', 'mobile-battery.png', 113, 48.99),
(451, 52, 'Charging Port', 'charging-port-icon.png', 113, 48.99),
(452, 52, 'Front Camera', 'camera.png', 113, 77.99),
(453, 52, 'Headphone Socket', 'headphone-socket.png', 113, 48.99),
(454, 52, 'Liquid Damage', 'liquid-damage-icon.png', 113, 48.99),
(455, 52, 'Diagnostic Service', 'diagnostic-service-icon.png', 113, 48.99),
(456, 52, 'Broken Screen', 'broken-screen-icon.png', 111, 146.99),
(457, 52, 'Broken Screen', 'broken-screen-icon.png', 109, 77.99),
(458, 52, 'Network Problem', 'network-icon.png', 109, 77.99),
(459, 52, 'Battery Problem', 'mobile-battery.png', 109, 28.99),
(460, 52, 'Charging Port', 'charging-port-icon.png', 109, 42.99),
(461, 52, 'Front Camera', 'camera.png', 109, 77.99),
(462, 52, 'Headphone Socket', 'headphone-socket.png', 109, 37.99),
(463, 52, 'Liquid Damage', 'liquid-damage-icon.png', 109, 48.99),
(464, 52, 'Diagnostic Service', 'diagnostic-service-icon.png', 109, 38.99),
(465, 52, 'Broken Screen', 'broken-screen-icon.png', 107, 97.99),
(466, 52, 'Network Problem', 'network-icon.png', 107, 77.99),
(467, 52, 'Battery Problem', 'mobile-battery.png', 107, 28.99),
(468, 52, 'Charging Port', 'charging-port-icon.png', 107, 42.99),
(469, 52, 'Front Camera', 'camera.png', 107, 77.99),
(470, 52, 'Headphone Socket', 'headphone-socket.png', 107, 38.99),
(471, 52, 'Liquid Damage', 'liquid-damage-icon.png', 107, 48.99),
(472, 52, 'Diagnostic Service', 'diagnostic-service-icon.png', 107, 37.99),
(473, 52, 'Broken Screen', 'broken-screen-icon.png', 106, 48.99),
(474, 52, 'Network Problem', 'network-icon.png', 106, 48.99),
(475, 52, 'Battery Problem', 'mobile-battery.png', 106, 28.99),
(476, 52, 'Charging Port', 'charging-port-icon.png', 106, 41.99),
(477, 52, 'Front Camera', 'camera.png', 106, 48.99),
(478, 52, 'Headphone Socket', 'headphone-socket.png', 106, 36.99),
(479, 52, 'Diagnostic Service', 'diagnostic-service-icon.png', 106, 37.99),
(480, 52, 'Liquid Damage', 'liquid-damage-icon.png', 106, 48.99),
(481, 52, 'Broken Screen', 'broken-screen-icon.png', 105, 58.99),
(482, 52, 'Network Problem', 'network-icon.png', 105, 48.99),
(483, 52, 'Battery Problem', 'mobile-battery.png', 105, 14.19),
(484, 52, 'Charging Port', 'charging-port-icon.png', 105, 41.99),
(485, 52, 'Headphone Socket', 'headphone-socket.png', 105, 36.99),
(486, 52, 'Liquid Damage', 'liquid-damage-icon.png', 105, 48.99),
(487, 52, 'Diagnostic Service', 'diagnostic-service-icon.png', 105, 36.99),
(488, 52, 'Broken Screen', 'broken-screen-icon.png', 104, 48.99),
(489, 52, 'Network Problem', 'network-icon.png', 104, 48.99),
(490, 52, 'Battery Problem', 'mobile-battery.png', 104, 28.99),
(491, 52, 'Charging Port', 'charging-port-icon.png', 104, 42.99),
(492, 52, 'Headphone Socket', 'headphone-socket.png', 104, 37.99),
(493, 52, 'Liquid Damage', 'liquid-damage-icon.png', 104, 48.99),
(494, 52, 'Diagnostic Service', 'diagnostic-service-icon.png', 104, 38.99),
(495, 52, 'Broken Screen', 'broken-screen-icon.png', 103, 67.99),
(496, 52, 'Network Problem', 'network-icon.png', 103, 48.99),
(497, 52, 'Battery Problem', 'mobile-battery.png', 103, 28.99),
(498, 52, 'Charging Port', 'charging-port-icon.png', 103, 41.99),
(499, 52, 'Front Camera', 'camera.png', 103, 48.99),
(500, 52, 'Headphone Socket', 'headphone-socket.png', 103, 36.99),
(501, 52, 'Liquid Damage', 'liquid-damage-icon.png', 103, 48.99),
(502, 52, 'Diagnostic Service', 'diagnostic-service-icon.png', 103, 28.99),
(503, 52, 'Broken Screen', 'broken-screen-icon.png', 102, 48.99),
(504, 52, 'Network Problem', 'network-icon.png', 102, 38.99),
(505, 52, 'Battery Problem', 'mobile-battery.png', 102, 38.99),
(506, 52, 'Charging Port', 'charging-port-icon.png', 102, 38.99),
(507, 52, 'Headphone Socket', 'headphone-socket.png', 102, 38.99),
(508, 52, 'Liquid Damage', 'liquid-damage-icon.png', 102, 48.99),
(509, 52, 'Diagnostic Service', 'diagnostic-service-icon.png', 102, 38.99),
(510, 48, 'Broken Screen', 'broken-screen-icon.png', 68, 97.99),
(511, 48, 'Network Problem', 'network-icon.png', 68, 77.99),
(512, 48, 'Battery Problem', 'mobile-battery.png', 68, 77.99),
(513, 48, 'Charging Port', 'charging-port-icon.png', 68, 77.99),
(514, 48, 'Front Camera', 'camera.png', 68, 77.99),
(515, 48, 'Headphone Socket', 'headphone-socket.png', 68, 77.99),
(516, 48, 'Liquid Damage', 'liquid-damage-icon.png', 68, 67.99),
(517, 48, 'Diagnostic Service', 'diagnostic-service-icon.png', 68, 77.99),
(518, 48, 'Broken Screen', 'broken-screen-icon.png', 67, 97.99),
(519, 48, 'Network Problem', 'network-icon.png', 67, 77.99),
(520, 48, 'Battery Problem', 'mobile-battery.png', 67, 77.99),
(521, 48, 'Charging Port', 'charging-port-icon.png', 67, 77.99),
(522, 48, 'Front Camera', 'camera.png', 67, 77.99),
(523, 48, 'Headphone Socket', 'headphone-socket.png', 67, 77.99),
(524, 48, 'Liquid Damage', 'liquid-damage-icon.png', 67, 67.99),
(525, 48, 'Diagnostic Service', 'diagnostic-service-icon.png', 67, 23.99),
(526, 48, 'Broken Screen', 'broken-screen-icon.png', 66, 87.99),
(527, 48, 'Network Problem', 'network-icon.png', 66, 77.99),
(528, 48, 'Battery Problem', 'mobile-battery.png', 66, 77.99),
(529, 48, 'Charging Port', 'charging-port-icon.png', 66, 77.99),
(530, 48, 'Front Camera', 'camera.png', 66, 77.99),
(531, 48, 'Headphone Socket', 'headphone-socket.png', 66, 77.99),
(532, 48, 'Liquid Damage', 'liquid-damage-icon.png', 66, 67.99),
(533, 48, 'Diagnostic Service', 'diagnostic-service-icon.png', 66, 77.99),
(534, 48, 'Broken Screen', 'broken-screen-icon.png', 65, 67.99),
(535, 48, 'Battery Problem', 'mobile-battery.png', 65, 48.99),
(536, 48, 'Charging Port', 'charging-port-icon.png', 65, 48.99),
(537, 48, 'Headphone Socket', 'headphone-socket.png', 65, 48.99),
(538, 48, 'Liquid Damage', 'liquid-damage-icon.png', 65, 48.99),
(539, 48, 'Diagnostic Service', 'diagnostic-service-icon.png', 65, 48.99),
(540, 48, 'Broken Screen', 'broken-screen-icon.png', 64, 75.99),
(541, 48, 'Battery Problem', 'mobile-battery.png', 64, 48.99),
(542, 48, 'Charging Port', 'charging-port-icon.png', 64, 48.99),
(543, 48, 'Headphone Socket', 'headphone-socket.png', 64, 48.99),
(544, 48, 'Liquid Damage', 'liquid-damage-icon.png', 64, 48.99),
(545, 48, 'Diagnostic Service', 'diagnostic-service-icon.png', 64, 77.99),
(546, 48, 'Broken Screen', 'broken-screen-icon.png', 63, 67.99),
(547, 48, 'Battery Problem', 'mobile-battery.png', 63, 48.99),
(548, 48, 'Charging Port', 'charging-port-icon.png', 63, 48.99),
(549, 48, 'Rear Camera', 'camera.png', 63, 48.99),
(550, 48, 'Headphone Socket', 'headphone-socket.png', 63, 48.99),
(551, 48, 'Liquid Damage', 'liquid-damage-icon.png', 63, 48.99),
(552, 48, 'Diagnostic Service', 'diagnostic-service-icon.png', 63, 48.99),
(553, 48, 'Battery Problem', 'mobile-battery.png', 62, 28.99),
(554, 48, 'Charging Port', 'charging-port-icon.png', 62, 41.99),
(555, 48, 'Rear Camera', 'camera.png', 62, 37.99),
(556, 48, 'Headphone Socket', 'headphone-socket.png', 62, 37.99),
(557, 48, 'Liquid Damage', 'liquid-damage-icon.png', 62, 48.99),
(558, 48, 'Diagnostic Service', 'diagnostic-service-icon.png', 62, 28.99),
(559, 48, 'Broken Screen', 'broken-screen-icon.png', 61, 67.99),
(560, 48, 'Battery Problem', 'mobile-battery.png', 61, 28.99),
(561, 48, 'Charging Port', 'charging-port-icon.png', 61, 41.99),
(562, 48, 'Rear Camera', 'camera.png', 61, 36.99),
(563, 48, 'Headphone Socket', 'headphone-socket.png', 61, 36.99),
(564, 48, 'Liquid Damage', 'liquid-damage-icon.png', 61, 48.99),
(565, 48, 'Diagnostic Service', 'diagnostic-service-icon.png', 61, 28.99),
(566, 50, 'Broken Screen', 'broken-screen-icon.png', 27, 67.99),
(567, 50, 'Network Problem', 'network-icon.png', 27, 58.99),
(568, 50, 'Battery Problem', 'mobile-battery.png', 27, 48.99),
(569, 50, 'Charging Port', 'charging-port-icon.png', 27, 58.99),
(570, 50, 'Front Camera', 'camera.png', 27, 58.99),
(571, 50, 'Headphone Socket', 'headphone-socket.png', 27, 58.99),
(572, 50, 'Liquid Damage', 'liquid-damage-icon.png', 27, 67.99),
(573, 50, 'Diagnostic Service', 'diagnostic-service-icon.png', 27, 58.99),
(574, 50, 'Broken Screen', 'broken-screen-icon.png', 28, 160.99),
(575, 50, 'Network Problem', 'network-icon.png', 28, 97.99),
(576, 50, 'Battery Problem', 'mobile-battery.png', 28, 97.99),
(577, 50, 'Charging Port', 'charging-port-icon.png', 28, 97.99),
(578, 50, 'Front Camera', 'camera.png', 28, 97.99),
(579, 50, 'Headphone Socket', 'headphone-socket.png', 28, 97.99),
(580, 50, 'Liquid Damage', 'liquid-damage-icon.png', 28, 48.99),
(581, 50, 'Diagnostic Service', 'diagnostic-service-icon.png', 28, 97.99),
(582, 50, 'Broken Screen', 'broken-screen-icon.png', 29, 77.99),
(583, 50, 'Liquid Damage', 'liquid-damage-icon.png', 29, 19.99),
(584, 50, 'Diagnostic Service', 'diagnostic-service-icon.png', 29, 19.19),
(585, 50, 'Broken Screen', 'broken-screen-icon.png', 30, 62.99),
(586, 50, 'Network Problem', 'network-icon.png', 30, 28.99),
(587, 50, 'Battery Problem', 'mobile-battery.png', 30, 28.99),
(588, 50, 'Charging Port', 'charging-port-icon.png', 30, 38.99),
(589, 50, 'Front Camera', 'camera.png', 30, 28.99),
(590, 50, 'Headphone Socket', 'headphone-socket.png', 30, 28.99),
(591, 50, 'Liquid Damage', 'liquid-damage-icon.png', 30, 48.99),
(592, 50, 'Diagnostic Service', 'diagnostic-service-icon.png', 30, 28.99),
(593, 50, 'Broken Screen', 'broken-screen-icon.png', 31, 67.99),
(594, 50, 'Liquid Damage', 'liquid-damage-icon.png', 31, 19.19),
(595, 50, 'Diagnostic Service', 'diagnostic-service-icon.png', 31, 19.19),
(596, 49, 'Network Problem', 'network-icon.png', 176, 67.99),
(597, 49, 'Battery Problem', 'mobile-battery.png', 176, 67.99),
(598, 49, 'Charging Port', 'charging-port-icon.png', 176, 67.99),
(599, 49, 'Front Camera', 'camera.png', 176, 67.99),
(600, 49, 'Headphone Socket', 'headphone-socket.png', 176, 67.99),
(601, 49, 'Liquid Damage', 'liquid-damage-icon.png', 176, 48.99),
(602, 49, 'Diagnostic Service', 'diagnostic-service-icon.png', 176, 67.99),
(603, 49, 'Network Problem', 'network-icon.png', 173, 33.99),
(604, 49, 'Battery Problem', 'mobile-battery.png', 173, 33.99),
(605, 49, 'Charging Port', 'charging-port-icon.png', 173, 38.99),
(606, 49, 'Earpiece Problem', 'earpiece-icon.png', 173, 28.99),
(607, 49, 'Rear Camera', 'camera.png', 173, 38.99),
(608, 49, 'Headphone Socket', 'headphone-socket.png', 173, 33.99),
(609, 49, 'Loudspeaker', 'loudspeaker-icon.png', 173, 38.99),
(610, 49, 'Diagnostic Service', 'diagnostic-service-icon.png', 173, 28.99),
(611, 49, 'Network Problem', 'network-icon.png', 174, 38.99),
(612, 49, 'Battery Problem', 'mobile-battery.png', 174, 33.99),
(613, 49, 'Charging Port', 'charging-port-icon.png', 174, 38.99),
(614, 49, 'Earpiece Problem', 'earpiece-icon.png', 174, 28.99),
(615, 49, 'Rear Camera', 'camera.png', 174, 38.99),
(616, 49, 'Headphone Socket', 'headphone-socket.png', 174, 28.99),
(617, 49, 'Loudspeaker', 'loudspeaker-icon.png', 174, 28.99),
(618, 49, 'Diagnostic Service', 'diagnostic-service-icon.png', 174, 23.99),
(619, 49, 'Network Problem', 'network-icon.png', 175, 38.99),
(620, 49, 'Battery Problem', 'mobile-battery.png', 175, 33.99),
(621, 49, 'Charging Port', 'charging-port-icon.png', 175, 48.99),
(622, 49, 'Earpiece Problem', 'earpiece-icon.png', 175, 28.99),
(623, 49, 'Rear Camera', 'camera.png', 175, 38.99),
(624, 49, 'Headphone Socket', 'headphone-socket.png', 175, 28.99),
(625, 49, 'Loudspeaker', 'loudspeaker-icon.png', 175, 28.99),
(626, 49, 'Diagnostic Service', 'diagnostic-service-icon.png', 175, 28.99),
(627, 54, 'Broken Screen', 'broken-screen-icon.png', 172, 87.99),
(628, 54, 'Network Problem', 'network-icon.png', 172, 58.99),
(629, 54, 'Battery Problem', 'mobile-battery.png', 172, 58.99),
(630, 54, 'Charging Port', 'charging-port-icon.png', 172, 58.99),
(631, 54, 'Front Camera', 'camera.png', 172, 58.99),
(632, 54, 'Headphone Socket', 'headphone-socket.png', 172, 58.99),
(633, 54, 'Liquid Damage', 'liquid-damage-icon.png', 172, 67.99),
(634, 54, 'Diagnostic Service', 'diagnostic-service-icon.png', 172, 58.99),
(635, 54, 'Broken Screen', 'broken-screen-icon.png', 162, 58.99),
(636, 54, 'Network Problem', 'network-icon.png', 162, 48.99),
(637, 54, 'Battery Problem', 'mobile-battery.png', 162, 48.99),
(638, 54, 'Charging Port', 'charging-port-icon.png', 162, 48.99),
(639, 54, 'Front Camera', 'camera.png', 162, 48.99),
(640, 54, 'Headphone Socket', 'headphone-socket.png', 162, 48.99),
(641, 54, 'Liquid Damage', 'liquid-damage-icon.png', 162, 67.99),
(642, 54, 'Diagnostic Service', 'diagnostic-service-icon.png', 162, 48.99),
(643, 54, 'Broken Screen', 'broken-screen-icon.png', 161, 97.99),
(644, 54, 'Battery Problem', 'mobile-battery.png', 161, 48.99),
(645, 54, 'Liquid Damage', 'liquid-damage-icon.png', 161, 19.19),
(646, 55, 'Broken Screen', 'broken-screen-icon.png', 145, 58.99),
(647, 55, 'Network Problem', 'network-icon.png', 145, 48.99),
(648, 55, 'Battery Problem', 'mobile-battery.png', 145, 48.99),
(649, 55, 'Charging Port', 'charging-port-icon.png', 145, 48.99),
(650, 55, 'Front Camera', 'camera.png', 145, 48.99),
(651, 55, 'Headphone Socket', 'headphone-socket.png', 145, 48.99),
(652, 55, 'Liquid Damage', 'liquid-damage-icon.png', 145, 67.99),
(653, 55, 'Diagnostic Service', 'diagnostic-service-icon.png', 145, 48.99),
(654, 55, 'Broken Screen', 'broken-screen-icon.png', 141, 87.99),
(655, 55, 'Network Problem', 'network-icon.png', 141, 77.99),
(656, 55, 'Battery Problem', 'mobile-battery.png', 141, 77.99),
(657, 55, 'Charging Port', 'charging-port-icon.png', 141, 77.99),
(658, 55, 'Front Camera', 'camera.png', 141, 77.99),
(659, 55, 'Headphone Socket', 'headphone-socket.png', 141, 77.99),
(660, 55, 'Liquid Damage', 'liquid-damage-icon.png', 141, 48.99),
(661, 55, 'Diagnostic Service', 'diagnostic-service-icon.png', 141, 23.99),
(662, 55, 'Broken Screen', 'broken-screen-icon.png', 138, 72.99),
(663, 55, 'Network Problem', 'network-icon.png', 138, 77.99),
(664, 55, 'Battery Problem', 'mobile-battery.png', 138, 77.99),
(665, 55, 'Charging Port', 'charging-port-icon.png', 138, 77.99),
(666, 55, 'Front Camera', 'camera.png', 138, 77.99),
(667, 55, 'Headphone Socket', 'headphone-socket.png', 138, 77.99),
(668, 55, 'Liquid Damage', 'liquid-damage-icon.png', 138, 48.99),
(669, 55, 'Diagnostic Service', 'diagnostic-service-icon.png', 138, 23.99),
(670, 55, 'Broken Screen', 'broken-screen-icon.png', 135, 77.99),
(671, 55, 'Network Problem', 'network-icon.png', 135, 48.99),
(672, 55, 'Battery Problem', 'mobile-battery.png', 135, 48.99),
(673, 55, 'Charging Port', 'charging-port-icon.png', 135, 48.99),
(674, 55, 'Front Camera', 'camera.png', 135, 48.99),
(675, 55, 'Headphone Socket', 'headphone-socket.png', 135, 48.99),
(676, 55, 'Liquid Damage', 'liquid-damage-icon.png', 135, 48.99),
(677, 55, 'Diagnostic Service', 'diagnostic-service-icon.png', 135, 48.99),
(678, 56, 'Network Problem', 'network-icon.png', 70, 67.99),
(679, 56, 'Battery Problem', 'mobile-battery.png', 70, 67.99),
(680, 56, 'Charging Port', 'charging-port-icon.png', 70, 67.99),
(681, 56, 'Front Camera', 'camera.png', 70, 67.99),
(682, 56, 'Headphone Socket', 'headphone-socket.png', 70, 67.99),
(683, 56, 'Liquid Damage', 'liquid-damage-icon.png', 70, 48.99),
(684, 56, 'Diagnostic Service', 'diagnostic-service-icon.png', 70, 67.99),
(685, 56, 'Network Problem', 'network-icon.png', 73, 48.99),
(686, 56, 'Battery Problem', 'mobile-battery.png', 73, 48.99),
(687, 56, 'Charging Port', 'charging-port-icon.png', 73, 48.99),
(688, 56, 'Front Camera', 'camera.png', 73, 48.99),
(689, 56, 'Headphone Socket', 'headphone-socket.png', 73, 48.99),
(690, 56, 'Liquid Damage', 'liquid-damage-icon.png', 73, 48.99),
(691, 56, 'Diagnostic Service', 'diagnostic-service-icon.png', 73, 48.99),
(692, 56, 'Broken Screen', 'broken-screen-icon.png', 71, 107.99),
(693, 56, 'Network Problem', 'network-icon.png', 71, 77.99),
(694, 56, 'Battery Problem', 'mobile-battery.png', 71, 77.99),
(695, 56, 'Charging Port', 'charging-port-icon.png', 71, 77.99),
(696, 56, 'Front Camera', 'camera.png', 71, 77.99),
(697, 56, 'Headphone Socket', 'headphone-socket.png', 71, 77.99),
(698, 56, 'Liquid Damage', 'liquid-damage-icon.png', 71, 48.99),
(699, 56, 'Diagnostic Service', 'diagnostic-service-icon.png', 71, 48.99),
(700, 56, 'Broken Screen', 'broken-screen-icon.png', 74, 77.99),
(701, 56, 'Network Problem', 'network-icon.png', 74, 48.99),
(702, 56, 'Battery Problem', 'mobile-battery.png', 74, 48.99),
(703, 56, 'Charging Port', 'charging-port-icon.png', 74, 48.99),
(704, 56, 'Front Camera', 'camera.png', 74, 48.99),
(705, 56, 'Headphone Socket', 'headphone-socket.png', 74, 48.99),
(706, 56, 'Liquid Damage', 'liquid-damage-icon.png', 74, 48.99),
(707, 56, 'Diagnostic Service', 'diagnostic-service-icon.png', 74, 48.99),
(708, 56, 'Broken Screen', 'broken-screen-icon.png', 75, 175.99),
(709, 56, 'Network Problem', 'network-icon.png', 75, 48.99),
(710, 56, 'Battery Problem', 'mobile-battery.png', 75, 48.99),
(711, 56, 'Charging Port', 'charging-port-icon.png', 75, 48.99),
(712, 56, 'Front Camera', 'camera.png', 75, 48.99),
(713, 56, 'Headphone Socket', 'headphone-socket.png', 75, 48.99),
(714, 56, 'Liquid Damage', 'liquid-damage-icon.png', 75, 48.99),
(715, 56, 'Diagnostic Service', 'diagnostic-service-icon.png', 75, 48.99),
(716, 56, 'Broken Screen', 'broken-screen-icon.png', 76, 97.99),
(717, 56, 'Network Problem', 'network-icon.png', 76, 67.99),
(718, 56, 'Battery Problem', 'mobile-battery.png', 76, 67.99),
(719, 56, 'Charging Port', 'charging-port-icon.png', 76, 67.99),
(720, 56, 'Front Camera', 'camera.png', 76, 67.99),
(721, 56, 'Headphone Socket', 'headphone-socket.png', 76, 67.99),
(722, 56, 'Liquid Damage', 'liquid-damage-icon.png', 76, 67.99),
(723, 56, 'Diagnostic Service', 'diagnostic-service-icon.png', 76, 67.99),
(724, 56, 'Broken Screen', 'broken-screen-icon.png', 77, 77.99),
(725, 56, 'Network Problem', 'network-icon.png', 77, 48.99),
(726, 56, 'Battery Problem', 'mobile-battery.png', 77, 48.99),
(727, 56, 'Charging Port', 'charging-port-icon.png', 77, 48.99),
(728, 56, 'Front Camera', 'camera.png', 77, 48.99),
(729, 56, 'Headphone Socket', 'headphone-socket.png', 77, 48.99),
(730, 56, 'Liquid Damage', 'liquid-damage-icon.png', 77, 48.99),
(731, 56, 'Diagnostic Service', 'diagnostic-service-icon.png', 77, 48.99),
(732, 57, 'Broken Screen', 'broken-screen-icon.png', 149, 146.99),
(733, 57, 'Network Problem', 'network-icon.png', 149, 77.99),
(734, 57, 'Battery Problem', 'mobile-battery.png', 149, 77.99),
(735, 57, 'Charging Port', 'charging-port-icon.png', 149, 77.99),
(736, 57, 'Front Camera', 'camera.png', 149, 77.99),
(737, 57, 'Headphone Socket', 'headphone-socket.png', 149, 77.99),
(738, 57, 'Liquid Damage', 'liquid-damage-icon.png', 149, 67.99),
(739, 57, 'Diagnostic Service', 'diagnostic-service-icon.png', 149, 77.99),
(740, 57, 'Broken Screen', 'broken-screen-icon.png', 150, 146.99),
(741, 57, 'Network Problem', 'network-icon.png', 150, 58.99),
(742, 57, 'Battery Problem', 'mobile-battery.png', 150, 58.99),
(743, 57, 'Charging Port', 'charging-port-icon.png', 150, 58.99),
(744, 57, 'Front Camera', 'camera.png', 150, 58.99),
(745, 57, 'Headphone Socket', 'headphone-socket.png', 150, 58.99),
(746, 57, 'Liquid Damage', 'liquid-damage-icon.png', 150, 67.99),
(747, 57, 'Diagnostic Service', 'diagnostic-service-icon.png', 150, 58.99),
(748, 57, 'Broken Screen', 'broken-screen-icon.png', 151, 165.99),
(749, 57, 'Network Problem', 'network-icon.png', 151, 58.99),
(750, 57, 'Battery Problem', 'mobile-battery.png', 151, 58.99),
(751, 57, 'Charging Port', 'charging-port-icon.png', 151, 58.99),
(752, 57, 'Front Camera', 'camera.png', 151, 58.99),
(753, 57, 'Headphone Socket', 'headphone-socket.png', 151, 58.99),
(754, 57, 'Liquid Damage', 'liquid-damage-icon.png', 151, 48.99),
(755, 57, 'Diagnostic Service', 'diagnostic-service-icon.png', 151, 58.99),
(756, 57, 'Broken Screen', 'broken-screen-icon.png', 152, 58.99),
(757, 57, 'Network Problem', 'network-icon.png', 152, 58.99),
(758, 57, 'Battery Problem', 'mobile-battery.png', 152, 58.99),
(759, 57, 'Charging Port', 'charging-port-icon.png', 152, 58.99),
(760, 57, 'Front Camera', 'camera.png', 152, 58.99),
(761, 57, 'Headphone Socket', 'headphone-socket.png', 152, 58.99),
(762, 57, 'Liquid Damage', 'liquid-damage-icon.png', 152, 48.99),
(763, 57, 'Diagnostic Service', 'diagnostic-service-icon.png', 152, 58.99),
(764, 57, 'Broken Screen', 'broken-screen-icon.png', 153, 106.99),
(765, 57, 'Network Problem', 'network-icon.png', 153, 77.99),
(766, 57, 'Battery Problem', 'mobile-battery.png', 153, 77.99),
(767, 57, 'Charging Port', 'charging-port-icon.png', 153, 77.99),
(768, 57, 'Front Camera', 'camera.png', 153, 77.99),
(769, 57, 'Headphone Socket', 'headphone-socket.png', 153, 77.99),
(770, 57, 'Liquid Damage', 'liquid-damage-icon.png', 153, 48.99),
(771, 57, 'Diagnostic Service', 'diagnostic-service-icon.png', 153, 77.99),
(772, 58, 'Broken Screen', 'broken-screen-icon.png', 146, 77.99),
(773, 58, 'Network Problem', 'network-icon.png', 146, 48.99),
(774, 58, 'Battery Problem', 'mobile-battery.png', 146, 48.99),
(775, 58, 'Charging Port', 'charging-port-icon.png', 146, 48.99),
(776, 58, 'Front Camera', 'camera.png', 146, 48.99),
(777, 58, 'Headphone Socket', 'headphone-socket.png', 146, 48.99),
(778, 58, 'Liquid Damage', 'liquid-damage-icon.png', 146, 48.99),
(779, 58, 'Diagnostic Service', 'diagnostic-service-icon.png', 146, 48.99),
(780, 58, 'Broken Screen', 'broken-screen-icon.png', 148, 48.99),
(781, 58, 'Network Problem', 'network-icon.png', 148, 48.99),
(782, 58, 'Battery Problem', 'mobile-battery.png', 148, 48.99),
(783, 58, 'Charging Port', 'charging-port-icon.png', 148, 48.99),
(784, 58, 'Front Camera', 'camera.png', 148, 48.99),
(785, 58, 'Headphone Socket', 'headphone-socket.png', 148, 48.99),
(786, 58, 'Liquid Damage', 'liquid-damage-icon.png', 148, 48.99),
(787, 58, 'Diagnostic Service', 'diagnostic-service-icon.png', 148, 48.99),
(788, 58, 'Broken Screen', 'broken-screen-icon.png', 147, 77.99),
(789, 58, 'Network Problem', 'network-icon.png', 147, 48.99),
(790, 58, 'Battery Problem', 'mobile-battery.png', 147, 48.99),
(791, 58, 'Charging Port', 'charging-port-icon.png', 147, 48.99),
(792, 58, 'Front Camera', 'camera.png', 147, 48.99),
(793, 58, 'Headphone Socket', 'headphone-socket.png', 147, 48.99),
(794, 58, 'Liquid Damage', 'liquid-damage-icon.png', 147, 48.99),
(795, 58, 'Diagnostic Service', 'diagnostic-service-icon.png', 147, 48.99),
(796, 58, 'Broken Screen', 'broken-screen-icon.png', 319, 125.99),
(797, 58, 'Network Problem', 'network-icon.png', 319, 77.99),
(798, 58, 'Battery Problem', 'mobile-battery.png', 319, 77.99),
(799, 58, 'Charging Port', 'charging-port-icon.png', 319, 77.99),
(800, 58, 'Front Camera', 'camera.png', 319, 77.99),
(801, 58, 'Headphone Socket', 'headphone-socket.png', 319, 77.99),
(802, 58, 'Liquid Damage', 'liquid-damage-icon.png', 319, 48.99),
(803, 58, 'Diagnostic Service', 'diagnostic-service-icon.png', 319, 77.99),
(804, 59, 'Diagnostic Service', 'diagnostic-service-icon.png', 100, 77.99),
(805, 59, 'Liquid Damage', 'liquid-damage-icon.png', 100, 48.99),
(806, 59, 'Headphone Socket', 'headphone-socket.png', 100, 77.99),
(807, 59, 'Front Camera', 'camera.png', 100, 77.99),
(808, 59, 'Charging Port', 'charging-port-icon.png', 100, 77.99),
(809, 59, 'Battery Problem', 'mobile-battery.png', 100, 77.99),
(810, 59, 'Network Problem', 'network-icon.png', 100, 77.99),
(811, 59, 'Broken Screen', 'broken-screen-icon.png', 100, 225.99),
(812, 59, 'Broken Screen', 'broken-screen-icon.png', 99, 126.99),
(813, 59, 'Network Problem', 'network-icon.png', 99, 77.99),
(814, 59, 'Battery Problem', 'mobile-battery.png', 99, 77.99),
(815, 59, 'Charging Port', 'charging-port-icon.png', 99, 77.99),
(816, 59, 'Front Camera', 'camera.png', 99, 77.99),
(817, 59, 'Headphone Socket', 'headphone-socket.png', 99, 77.99),
(818, 59, 'Liquid Damage', 'liquid-damage-icon.png', 99, 48.99),
(819, 59, 'Diagnostic Service', 'diagnostic-service-icon.png', 99, 77.99),
(820, 59, 'Broken Screen', 'broken-screen-icon.png', 98, 126.99),
(821, 59, 'Network Problem', 'network-icon.png', 98, 77.99),
(822, 59, 'Battery Problem', 'mobile-battery.png', 98, 77.99),
(823, 59, 'Charging Port', 'charging-port-icon.png', 98, 77.99),
(824, 59, 'Front Camera', 'camera.png', 98, 77.99),
(825, 59, 'Headphone Socket', 'headphone-socket.png', 98, 77.99),
(826, 59, 'Liquid Damage', 'liquid-damage-icon.png', 98, 48.99),
(827, 59, 'Diagnostic Service', 'diagnostic-service-icon.png', 98, 77.99),
(828, 59, 'Broken Screen', 'broken-screen-icon.png', 97, 77.99),
(829, 59, 'Network Problem', 'network-icon.png', 97, 77.99),
(830, 59, 'Battery Problem', 'mobile-battery.png', 97, 77.99),
(831, 59, 'Charging Port', 'charging-port-icon.png', 97, 77.99),
(832, 59, 'Front Camera', 'camera.png', 97, 77.99),
(833, 59, 'Headphone Socket', 'headphone-socket.png', 97, 77.99),
(834, 59, 'Liquid Damage', 'liquid-damage-icon.png', 97, 48.99),
(835, 59, 'Diagnostic Service', 'diagnostic-service-icon.png', 97, 58.99),
(836, 59, 'Broken Screen', 'broken-screen-icon.png', 96, 67.99),
(837, 59, 'Network Problem', 'network-icon.png', 96, 48.99),
(838, 59, 'Battery Problem', 'mobile-battery.png', 96, 48.99),
(839, 59, 'Charging Port', 'charging-port-icon.png', 96, 48.99),
(840, 59, 'Front Camera', 'camera.png', 96, 48.99),
(841, 59, 'Headphone Socket', 'headphone-socket.png', 96, 48.99),
(842, 59, 'Liquid Damage', 'liquid-damage-icon.png', 96, 48.99);
INSERT INTO `pc_issue` (`id`, `brand_id`, `issue_name`, `image`, `modal_id`, `price`) VALUES
(843, 59, 'Diagnostic Service', 'diagnostic-service-icon.png', 96, 48.99),
(844, 59, 'Broken Screen', 'broken-screen-icon.png', 95, 58.99),
(845, 59, 'Network Problem', 'network-icon.png', 95, 48.99),
(846, 59, 'Battery Problem', 'mobile-battery.png', 95, 48.99),
(847, 59, 'Charging Port', 'charging-port-icon.png', 95, 48.99),
(848, 59, 'Front Camera', 'camera.png', 95, 48.99),
(849, 59, 'Headphone Socket', 'headphone-socket.png', 95, 48.99),
(850, 59, 'Liquid Damage', 'liquid-damage-icon.png', 95, 48.99),
(851, 59, 'Diagnostic Service', 'diagnostic-service-icon.png', 95, 48.99),
(852, 59, 'Broken Screen', 'broken-screen-icon.png', 94, 48.99),
(853, 59, 'Network Problem', 'network-icon.png', 94, 48.99),
(854, 59, 'Battery Problem', 'mobile-battery.png', 94, 28.99),
(855, 59, 'Charging Port', 'charging-port-icon.png', 94, 42.99),
(856, 59, 'Front Camera', 'camera.png', 94, 48.99),
(857, 59, 'Headphone Socket', 'headphone-socket.png', 94, 37.99),
(858, 59, 'Liquid Damage', 'liquid-damage-icon.png', 94, 48.99),
(859, 59, 'Diagnostic Service', 'diagnostic-service-icon.png', 94, 37.99),
(860, 59, 'Broken Screen', 'broken-screen-icon.png', 93, 48.99),
(861, 59, 'Network Problem', 'network-icon.png', 93, 48.99),
(862, 59, 'Battery Problem', 'mobile-battery.png', 93, 48.99),
(863, 59, 'Charging Port', 'charging-port-icon.png', 93, 48.99),
(864, 59, 'Front Camera', 'camera.png', 93, 48.99),
(865, 59, 'Headphone Socket', 'headphone-socket.png', 93, 48.99),
(866, 59, 'Liquid Damage', 'liquid-damage-icon.png', 93, 48.99),
(867, 59, 'Diagnostic Service', 'diagnostic-service-icon.png', 93, 48.99),
(868, 40, 'Cracked Screen', 'cracked-screen-icon.png', 320, 315.99),
(869, 40, 'Battery Problem', 'battery-replacement-icon.png', 320, 116.99),
(870, 40, 'Liquid Damage', 'Liquid-Damage-icon.png', 320, 33.99),
(871, 40, 'Keyboard', 'Keyboard-icon.png', 320, 206.99),
(872, 40, 'Speaker', 'Speaker-icon.png', 320, 116.99),
(873, 40, 'Graphics Card', 'Graphics-Card-icon.png', 320, 172.99),
(874, 40, 'Fan Issue', 'Fan-Issue-icon.png', 320, 172.99),
(875, 40, 'Data Recovery', 'Data-Recovery-icon.png', 320, 136.99),
(876, 40, 'Tounchpad Repair', 'Tounchpad-icon.png', 320, 116.99),
(877, 40, 'Cracked Screen', 'cracked-screen-icon.png', 321, 315.99),
(878, 40, 'Battery Problem', 'battery-replacement-icon.png', 321, 107.99),
(879, 40, 'Liquid Damage', 'Liquid-Damage-icon.png', 321, 33.99),
(880, 40, 'Keyboard', 'Keyboard-icon.png', 321, 117.99),
(881, 40, 'Speaker', 'Speaker-icon.png', 321, 117.99),
(882, 40, 'Graphics Card', 'Graphics-Card-icon.png', 321, 172.99),
(883, 40, 'Fan Issue', 'Fan-Issue-icon.png', 321, 172.99),
(884, 40, 'Data Recovery', 'Data-Recovery-icon.png', 321, 136.99),
(885, 40, 'Tounchpad Repair', 'Tounchpad-icon.png', 321, 116.99),
(886, 40, 'Cracked Screen', 'cracked-screen-icon.png', 322, 222.99),
(887, 40, 'Battery Problem', 'battery-replacement-icon.png', 322, 107.99),
(888, 40, 'Liquid Damage', 'Liquid-Damage-icon.png', 322, 34.99),
(889, 40, 'Keyboard', 'Keyboard-icon.png', 322, 117.99),
(890, 40, 'Speaker', 'Speaker-icon.png', 322, 112.99),
(891, 40, 'Graphics Card', 'Graphics-Card-icon.png', 322, 172.99),
(892, 40, 'Fan Issue', 'Fan-Issue-icon.png', 322, 172.99),
(893, 40, 'Data Recovery', 'Data-Recovery-icon.png', 322, 136.99),
(894, 40, 'Tounchpad Repair', 'Tounchpad-icon.png', 322, 112.99),
(895, 40, 'Cracked Screen', 'cracked-screen-icon.png', 323, 192.99),
(896, 40, 'Battery Problem', 'battery-replacement-icon.png', 323, 126.99),
(897, 40, 'Liquid Damage', 'Liquid-Damage-icon.png', 323, 33.99),
(898, 40, 'Keyboard', 'Keyboard-icon.png', 323, 176.99),
(899, 40, 'Speaker', 'Speaker-icon.png', 323, 112.99),
(900, 40, 'Graphics Card', 'Graphics-Card-icon.png', 323, 172.99),
(901, 40, 'Fan Issue', 'Fan-Issue-icon.png', 323, 172.99),
(902, 40, 'Tounchpad Repair', 'Tounchpad-icon.png', 323, 112.99),
(903, 40, 'Data Recovery', 'Data-Recovery-icon.png', 323, 136.99),
(904, 40, 'Cracked Screen', 'cracked-screen-icon.png', 324, 192.99),
(905, 40, 'Battery Problem', 'battery-replacement-icon.png', 324, 126.99),
(906, 40, 'Liquid Damage', 'Liquid-Damage-icon.png', 324, 33.99),
(907, 40, 'Keyboard', 'Keyboard-icon.png', 324, 176.99),
(908, 40, 'Speaker', 'Speaker-icon.png', 324, 112.99),
(909, 40, 'Graphics Card', 'Graphics-Card-icon.png', 324, 172.99),
(910, 40, 'Fan Issue', 'Fan-Issue-icon.png', 324, 172.99),
(911, 40, 'Data Recovery', 'Data-Recovery-icon.png', 324, 136.99),
(912, 40, 'Tounchpad Repair', 'Tounchpad-icon.png', 324, 112.99),
(913, 40, 'Cracked Screen', 'cracked-screen-icon.png', 325, 192.99),
(914, 40, 'Battery Problem', 'battery-replacement-icon.png', 325, 126.99),
(915, 40, 'Liquid Damage', 'Liquid-Damage-icon.png', 325, 33.99),
(916, 40, 'Keyboard', 'Keyboard-icon.png', 325, 176.99),
(917, 40, 'Speaker', 'Speaker-icon.png', 325, 112.99),
(918, 40, 'Graphics Card', 'Graphics-Card-icon.png', 325, 172.99),
(919, 40, 'Fan Issue', 'Fan-Issue-icon.png', 325, 172.99),
(920, 40, 'Data Recovery', 'Data-Recovery-icon.png', 325, 136.99),
(921, 40, 'Tounchpad Repair', 'Tounchpad-icon.png', 325, 112.99),
(922, 40, 'Cracked Screen', 'cracked-screen-icon.png', 326, 192.99),
(923, 40, 'Battery Problem', 'battery-replacement-icon.png', 326, 77.99),
(924, 40, 'Liquid Damage', 'Liquid-Damage-icon.png', 326, 33.99),
(925, 40, 'Keyboard', 'Keyboard-icon.png', 326, 116.99),
(926, 40, 'Speaker', 'Speaker-icon.png', 326, 112.99),
(927, 40, 'Fan Issue', 'Fan-Issue-icon.png', 326, 315.99),
(928, 40, 'Data Recovery', 'Data-Recovery-icon.png', 326, 136.99),
(929, 40, 'Tounchpad Repair', 'Tounchpad-icon.png', 326, 112.99),
(930, 40, 'Cracked Screen', 'cracked-screen-icon.png', 327, 176.99),
(931, 40, 'Battery Problem', 'battery-replacement-icon.png', 327, 77.99),
(932, 40, 'Liquid Damage', 'Liquid-Damage-icon.png', 327, 33.99),
(933, 40, 'Keyboard', 'Keyboard-icon.png', 327, 116.99),
(934, 40, 'Speaker', 'Speaker-icon.png', 327, 116.99),
(935, 40, 'Fan Issue', 'Fan-Issue-icon.png', 327, 315.99),
(936, 40, 'Data Recovery', 'Data-Recovery-icon.png', 327, 146.99),
(937, 40, 'Tounchpad Repair', 'Tounchpad-icon.png', 327, 116.99),
(938, 40, 'Cracked Screen', 'cracked-screen-icon.png', 328, 176.99),
(939, 40, 'Battery Problem', 'battery-replacement-icon.png', 328, 77.99),
(940, 40, 'Liquid Damage', 'Liquid-Damage-icon.png', 328, 33.99),
(941, 40, 'Keyboard', 'Keyboard-icon.png', 328, 116.99),
(942, 40, 'Speaker', 'Speaker-icon.png', 328, 107.99),
(943, 40, 'Data Recovery', 'Data-Recovery-icon.png', 328, 136.99),
(944, 40, 'Tounchpad Repair', 'Tounchpad-icon.png', 328, 107.99),
(945, 40, 'Cracked Screen', 'cracked-screen-icon.png', 329, 176.99),
(946, 40, 'Battery Problem', 'battery-replacement-icon.png', 329, 77.99),
(947, 40, 'Liquid Damage', 'Liquid-Damage-icon.png', 329, 33.99),
(948, 40, 'Keyboard', 'Keyboard-icon.png', 329, 116.99),
(949, 40, 'Speaker', 'Speaker-icon.png', 329, 107.99),
(950, 40, 'Fan Issue', 'Fan-Issue-icon.png', 329, 315.99),
(951, 40, 'Data Recovery', 'Data-Recovery-icon.png', 329, 136.99),
(952, 40, 'Tounchpad Repair', 'Tounchpad-icon.png', 329, 107.99),
(953, 40, 'Cracked Screen', 'cracked-screen-icon.png', 330, 395.99),
(954, 40, 'Battery Problem', 'battery-replacement-icon.png', 330, 136.99),
(955, 40, 'Liquid Damage', 'Liquid-Damage-icon.png', 330, 33.99),
(956, 40, 'Keyboard', 'Keyboard-icon.png', 330, 156.99),
(957, 40, 'Graphics Card', 'Graphics-Card-icon.png', 330, 315.99),
(958, 40, 'Fan Issue', 'Fan-Issue-icon.png', 330, 315.99),
(959, 40, 'Data Recovery', 'Data-Recovery-icon.png', 330, 136.99),
(960, 40, 'Cracked Screen', 'cracked-screen-icon.png', 331, 395.99),
(961, 40, 'Battery Problem', 'battery-replacement-icon.png', 331, 136.99),
(962, 40, 'Liquid Damage', 'Liquid-Damage-icon.png', 331, 33.99),
(963, 40, 'Keyboard', 'Keyboard-icon.png', 331, 156.99),
(964, 40, 'Graphics Card', 'Graphics-Card-icon.png', 331, 315.99),
(965, 40, 'Fan Issue', 'Fan-Issue-icon.png', 331, 315.99),
(966, 40, 'Data Recovery', 'Data-Recovery-icon.png', 331, 136.99),
(967, 40, 'Liquid Damage', 'Liquid-Damage-icon.png', 248, 33.99),
(968, 40, 'Keyboard', 'Keyboard-icon.png', 248, 156.99),
(969, 40, 'Graphics Card', 'Graphics-Card-icon.png', 248, 156.99),
(970, 40, 'Fan Issue', 'Fan-Issue-icon.png', 248, 315.99),
(971, 40, 'Data Recovery', 'Data-Recovery-icon.png', 248, 136.99),
(972, 62, 'Screen Repairs', 'broken-screen.png', 294, 86.99),
(973, 62, 'Battery Replacement', 'battery.png', 294, 72.99),
(974, 62, 'Water Damaged', 'water-damage.png', 294, 72.99),
(975, 62, 'Battery Replacement', 'battery.png', 295, 86.99),
(976, 62, 'Water Damaged', 'water-damage.png', 295, 72.99),
(977, 62, 'Screen Repairs', 'broken-screen.png', 295, 86.99),
(978, 62, 'Screen Repairs', 'broken-screen.png', 296, 86.99),
(979, 62, 'Water Damaged', 'water-damage.png', 296, 72.99),
(980, 62, 'Battery Replacement', 'battery.png', 296, 72.99),
(981, 62, 'Screen Repairs', 'broken-screen.png', 297, 86.99),
(982, 62, 'Battery Replacement', 'battery.png', 297, 72.99),
(983, 62, 'Water Damaged', 'water-damage.png', 297, 72.99),
(984, 63, 'Battery Problem', 'battery.png', 298, 72.99),
(985, 63, 'Screen Repairs', 'broken-screen.png', 298, 86.99),
(986, 63, 'Liquid Damage', 'water-damage.png', 298, 72.99),
(987, 63, 'Screen Repairs', 'broken-screen.png', 299, 86.99),
(988, 63, 'Battery Problem', 'battery.png', 299, 72.99),
(989, 63, 'Liquid Damage', 'water-damage.png', 299, 72.99),
(990, 63, 'Screen Repairs', 'broken-screen.png', 300, 86.99),
(991, 63, 'Battery Problem', 'battery.png', 300, 72.99),
(992, 63, 'Liquid Damage', 'water-damage.png', 300, 72.99),
(993, 63, 'Screen Repairs', 'broken-screen.png', 301, 86.99),
(994, 63, 'Battery Replacement', 'battery.png', 301, 72.99),
(995, 63, 'Liquid Damage', 'water-damage.png', 301, 72.99),
(996, 63, 'Screen Repairs', 'broken-screen.png', 302, 86.99),
(997, 63, 'Battery Problem', 'battery.png', 302, 72.99),
(998, 63, 'Liquid Damage', 'water-damage.png', 302, 72.99),
(999, 63, 'Screen Repairs', 'broken-screen.png', 303, 86.99),
(1000, 63, 'Battery Replacement', 'battery.png', 303, 72.99),
(1001, 63, 'Liquid Damage', 'water-damage.png', 303, 72.99),
(1002, 63, 'Screen Repairs', 'broken-screen.png', 304, 86.99),
(1003, 63, 'Battery Problem', 'battery.png', 304, 72.99),
(1004, 63, 'Liquid Damage', 'water-damage.png', 304, 72.99),
(1005, 64, 'Screen Repairs', 'broken-screen.png', 305, 86.99),
(1006, 64, 'Battery Replacement', 'battery.png', 305, 72.99),
(1007, 64, 'Liquid Damage', 'water-damage.png', 305, 72.99),
(1008, 17, 'Broken Screen', 'samsung-front-glass-icon.png', 283, 87.99),
(1009, 17, 'Battery Problem', 'samsung-battery-icon.png', 283, 67.99),
(1010, 17, 'Charging Port', 'samsung-charging-port-icon.png', 283, 48.99),
(1011, 17, 'Front Camera', 'samsung-camera-icon.png', 283, 67.99),
(1012, 17, 'Headphone Socket', 'samsung-headphone-icon.png', 283, 67.99),
(1013, 17, 'Liquid Damage', 'Liquid-Damage-icon.png', 283, 48.99),
(1014, 17, 'Dignostic Service', 'samsung-dignostic-icon.png', 283, 67.99),
(1015, 17, 'Broken Screen', 'samsung-front-glass-icon.png', 284, 67.99),
(1016, 17, 'Charging Port', 'samsung-charging-port-icon.png', 284, 48.99),
(1017, 17, 'Front Camera', 'samsung-camera-icon.png', 284, 67.99),
(1018, 17, 'Headphone Socket', 'samsung-headphone-icon.png', 284, 67.99),
(1019, 17, 'Liquid Damage', 'Liquid-Damage-icon.png', 284, 48.99),
(1020, 17, 'Dignostic Service', 'samsung-dignostic-icon.png', 284, 67.99),
(1021, 17, 'Broken Screen', 'samsung-front-glass-icon.png', 285, 87.99),
(1022, 17, 'Battery Problem', 'samsung-battery-icon.png', 285, 67.99),
(1023, 17, 'Charging Port', 'samsung-charging-port-icon.png', 285, 67.99),
(1024, 17, 'Front Camera', 'samsung-camera-icon.png', 285, 67.99),
(1025, 17, 'Liquid Damage', 'Liquid-Damage-icon.png', 285, 48.99),
(1026, 17, 'Dignostic Service', 'samsung-dignostic-icon.png', 285, 67.99),
(1027, 17, 'Broken Screen', 'samsung-front-glass-icon.png', 286, 58.99),
(1028, 17, 'Battery Problem', 'samsung-battery-icon.png', 286, 67.99),
(1029, 17, 'Charging Port', 'samsung-charging-port-icon.png', 286, 48.99),
(1030, 17, 'Front Camera', 'samsung-camera-icon.png', 286, 67.99),
(1031, 17, 'Headphone Socket', 'samsung-headphone-icon.png', 286, 67.99),
(1032, 17, 'Liquid Damage', 'Liquid-Damage-icon.png', 286, 48.99),
(1033, 17, 'Dignostic Service', 'samsung-dignostic-icon.png', 286, 67.99),
(1034, 17, 'Broken Screen', 'samsung-front-glass-icon.png', 287, 58.99),
(1035, 17, 'Battery Problem', 'samsung-battery-icon.png', 287, 67.99),
(1036, 17, 'Charging Port', 'samsung-charging-port-icon.png', 287, 48.99),
(1037, 17, 'Front Camera', 'samsung-camera-icon.png', 287, 67.99),
(1038, 17, 'Headphone Socket', 'samsung-headphone-icon.png', 287, 67.99),
(1039, 17, 'Liquid Damage', 'Liquid-Damage-icon.png', 287, 48.99),
(1040, 17, 'Dignostic Service', 'samsung-dignostic-icon.png', 287, 67.99),
(1041, 17, 'Broken Screen', 'samsung-front-glass-icon.png', 288, 58.99),
(1042, 17, 'Battery Problem', 'samsung-battery-icon.png', 288, 67.99),
(1043, 17, 'Charging Port', 'samsung-charging-port-icon.png', 288, 48.99),
(1044, 17, 'Front Camera', 'samsung-camera-icon.png', 288, 67.99),
(1045, 17, 'Headphone Socket', 'samsung-headphone-icon.png', 288, 67.99),
(1046, 17, 'Liquid Damage', 'Liquid-Damage-icon.png', 288, 48.99),
(1047, 17, 'Dignostic Service', 'samsung-dignostic-icon.png', 288, 67.99),
(1048, 17, 'Broken Screen', 'samsung-front-glass-icon.png', 289, 43.99),
(1049, 17, 'Battery Problem', 'samsung-battery-icon.png', 289, 67.99),
(1050, 17, 'Charging Port', 'samsung-charging-port-icon.png', 289, 67.99),
(1051, 17, 'Front Camera', 'samsung-camera-icon.png', 289, 67.99),
(1052, 17, 'Headphone Socket', 'samsung-headphone-icon.png', 289, 67.99),
(1053, 17, 'Liquid Damage', 'Liquid-Damage-icon.png', 289, 48.99),
(1054, 17, 'Dignostic Service', 'samsung-dignostic-icon.png', 289, 67.99),
(1055, 17, 'Battery Problem', 'samsung-battery-icon.png', 282, 67.99),
(1056, 17, 'Charging Port', 'samsung-charging-port-icon.png', 282, 67.99),
(1057, 17, 'Headphone Socket', 'samsung-headphone-icon.png', 282, 67.99),
(1058, 17, 'Front Camera', 'samsung-camera-icon.png', 282, 67.99),
(1059, 17, 'Charging Port', 'samsung-charging-port-icon.png', 282, 67.99),
(1060, 17, 'Liquid Damage', 'Liquid-Damage-icon.png', 282, 48.99),
(1061, 17, 'Dignostic Service', 'samsung-dignostic-icon.png', 282, 67.99),
(1062, 6, 'Network Problem', 'mobile-network-icon.png', 307, 69.99),
(1063, 6, 'Battery Replacement', 'mobile-battery.png', 307, 55.99),
(1064, 6, 'Charging Port', 'mobile-charging-port-icon.png', 307, 65.99),
(1065, 6, 'Diagnostic Service', 'mobile-diagnostic-service-icon.png', 307, 19.99),
(1066, 6, 'Earpiece Repair', 'mobile-earpiece-icon.png', 307, 65.99),
(1067, 6, 'Front Camera Repair', 'mobile-camera.png', 307, 69.99),
(1068, 6, 'Broken Screen', 'mobile-broken-screen-icon.png', 307, 119.99),
(1069, 6, 'Headphone Socket', 'mobile-headphone-socket.png', 307, 65.99),
(1070, 6, 'Liquid Damage', 'mobile-liquid-damage-icon.png', 307, 49.99),
(1071, 6, 'Loudspeaker Repair', 'mobile-loudspeaker-icon.png', 307, 65.99),
(1072, 6, 'Microphone Repair', 'mobile-microphone.png', 307, 65.99),
(1073, 6, 'Mute Button Repair', 'mobile-mute-icon.png', 307, 65.99),
(1074, 6, 'Power Button Repair', 'mobile-power-button-icon.png', 307, 65.99),
(1075, 6, 'Rear Camera Repair', 'mobile-camera.png', 307, 65.99),
(1076, 6, 'Rear Cover Repair', 'mobile-rear-cover-icon.png', 307, 65.99),
(1077, 6, 'Software Fix', 'mobile-softwere-icon.png', 307, 24.99),
(1078, 6, 'Vibration Repair', 'mobile-vibration-icon.png', 307, 65.99),
(1079, 6, 'Volume Repair', 'mobile-volume-icon.png', 307, 65.99),
(1080, 6, 'WIFI Repair', 'mobile-wifi-icon.png', 307, 65.99),
(1081, 6, 'Data Recovery', 'mobile-data-recovery-icon.png', 307, 69.99),
(1082, 6, 'Home Button', 'mobile-home-button-icon.png', 307, 65.99),
(1083, 6, 'Sim Card', 'mobile-sim-card-icon.png', 307, 69.99),
(1084, 6, 'Network Problem', 'mobile-network-icon.png', 306, 69.99),
(1085, 6, 'Charging Port', 'mobile-charging-port-icon.png', 306, 49.99),
(1086, 6, 'Diagnostic Service', 'mobile-diagnostic-service-icon.png', 306, 19.99),
(1087, 6, 'Earpiece Repair', 'mobile-earpiece-icon.png', 306, 59.99),
(1088, 6, 'Front Camera Repair', 'mobile-camera.png', 306, 59.99),
(1089, 6, 'Headphone Socket', 'mobile-headphone-socket.png', 306, 59.99),
(1090, 6, 'Liquid Damage', 'mobile-liquid-damage-icon.png', 306, 59.99),
(1091, 6, 'Loudspeaker Repair', 'mobile-loudspeaker-icon.png', 306, 59.99),
(1092, 6, 'Microphone Repair', 'mobile-microphone.png', 306, 59.99),
(1093, 6, 'Mute Button Repair', 'mobile-mute-icon.png', 306, 59.99),
(1094, 6, 'Power Button Repair', 'mobile-power-button-icon.png', 306, 59.99),
(1095, 6, 'Rear Camera Repair', 'mobile-camera.png', 306, 59.99),
(1096, 6, 'Rear Cover Repair', 'mobile-rear-cover-icon.png', 306, 59.99),
(1097, 6, 'Software Fix', 'mobile-softwere-icon.png', 306, 24.99),
(1098, 6, 'Vibration Repair', 'mobile-vibration-icon.png', 306, 59.99),
(1099, 6, 'Volume Repair', 'mobile-volume-icon.png', 306, 59.99),
(1100, 6, 'WIFI Repair', 'mobile-wifi-icon.png', 306, 59.99),
(1101, 6, 'Data Recovery', 'mobile-data-recovery-icon.png', 306, 99.99),
(1102, 6, 'Home Button', 'mobile-home-button-icon.png', 306, 59.99),
(1103, 6, 'Sim Card', 'mobile-sim-card-icon.png', 306, 69.99),
(1104, 6, 'Network Problem', 'mobile-network-icon.png', 190, 49.99),
(1105, 6, 'Battery Problem', 'mobile-battery.png', 190, 44.99),
(1106, 6, 'Charging Port', 'mobile-charging-port-icon.png', 190, 39.99),
(1107, 6, 'Diagnostic Service', 'mobile-diagnostic-service-icon.png', 190, 14.99),
(1108, 6, 'Headphone Socket', 'mobile-headphone-socket.png', 190, 44.99),
(1109, 6, 'Broken Screen', 'mobile-broken-screen-icon.png', 190, 74.99),
(1110, 6, 'Front Camera', 'mobile-camera.png', 190, 49.99),
(1111, 6, 'Earpiece Repair', 'mobile-earpiece-icon.png', 190, 49.99),
(1112, 6, 'Liquid Damage', 'mobile-liquid-damage-icon.png', 190, 39.99),
(1113, 6, 'Loudspeaker Repair', 'mobile-loudspeaker-icon.png', 190, 44.99),
(1114, 6, 'Microphone Repair', 'mobile-microphone.png', 190, 44.99),
(1115, 6, 'Mute Button Repair', 'mobile-mute-icon.png', 190, 44.99),
(1116, 6, 'Power Button Repair', 'mobile-power-button-icon.png', 190, 44.99),
(1117, 6, 'Rear Camera Repair', 'mobile-camera.png', 190, 44.99),
(1118, 6, 'Rear Cover Repair', 'mobile-rear-cover-icon.png', 190, 95.99),
(1119, 6, 'Software Fix', 'mobile-softwere-icon.png', 190, 39.99),
(1120, 6, 'Vibration Repair', 'mobile-vibration-icon.png', 190, 44.99),
(1121, 6, 'Volume Repair', 'mobile-volume-icon.png', 190, 44.99),
(1122, 6, 'WIFI Repair', 'mobile-wifi-icon.png', 190, 49.99),
(1123, 6, 'Data Recovery', 'mobile-data-recovery-icon.png', 190, 99.99),
(1124, 6, 'Home Button', 'mobile-home-button-icon.png', 190, 44.99),
(1125, 6, 'Sim Card', 'mobile-sim-card-icon.png', 190, 69.99),
(1126, 6, 'Diagnostic Service', 'mobile-diagnostic-service-icon.png', 312, 14.99),
(1127, 6, 'Earpiece Repair', 'mobile-earpiece-icon.png', 312, 29.99),
(1128, 6, 'Loudspeaker Repair', 'mobile-loudspeaker-icon.png', 312, 39.99),
(1129, 6, 'Liquid Damage', 'mobile-liquid-damage-icon.png', 312, 39.99),
(1130, 6, 'Microphone Repair', 'mobile-microphone.png', 312, 29.99),
(1131, 6, 'Mute Button Repair', 'mobile-mute-icon.png', 312, 29.99),
(1132, 6, 'Power Button Repair', 'mobile-power-button-icon.png', 312, 39.99),
(1133, 6, 'Rear Camera Repair', 'mobile-camera.png', 312, 29.99),
(1134, 6, 'Rear Cover Repair', 'mobile-rear-cover-icon.png', 312, 49.99),
(1135, 6, 'Software Fix', 'mobile-softwere-icon.png', 312, 24.99),
(1136, 6, 'Vibration Repair', 'mobile-vibration-icon.png', 312, 39.99),
(1137, 6, 'Volume Repair', 'mobile-volume-icon.png', 312, 49.99),
(1138, 6, 'WIFI Repair', 'mobile-wifi-icon.png', 312, 49.99),
(1139, 6, 'Data Recovery', 'mobile-data-recovery-icon.png', 312, 99.99),
(1140, 6, 'Home Button', 'mobile-home-button-icon.png', 312, 29.99),
(1141, 6, 'Front Camera', 'mobile-camera.png', 313, 29.99),
(1142, 6, 'Diagnostic Service', 'mobile-diagnostic-service-icon.png', 313, 14.99),
(1143, 6, 'Loudspeaker Repair', 'mobile-loudspeaker-icon.png', 313, 39.99),
(1144, 6, 'Microphone Repair', 'mobile-microphone.png', 313, 29.99),
(1145, 6, 'Mute Button Repair', 'mobile-mute-icon.png', 313, 29.99),
(1146, 6, 'Power Button Repair', 'mobile-power-button-icon.png', 313, 39.99),
(1147, 6, 'Rear Camera Repair', 'mobile-camera.png', 313, 29.99),
(1148, 6, 'Rear Cover Repair', 'mobile-rear-cover-icon.png', 313, 49.99),
(1149, 6, 'Software Fix', 'mobile-softwere-icon.png', 313, 24.99),
(1150, 6, 'Vibration Repair', 'mobile-vibration-icon.png', 313, 39.99),
(1151, 6, 'Volume Repair', 'mobile-volume-icon.png', 313, 49.99),
(1152, 6, 'WIFI Repair', 'mobile-wifi-icon.png', 313, 49.99),
(1153, 6, 'Data Recovery', 'mobile-data-recovery-icon.png', 313, 99.99),
(1154, 6, 'Home Button', 'mobile-home-button-icon.png', 313, 29.99),
(1155, 6, 'Sim Card', 'mobile-sim-card-icon.png', 313, 49.99),
(1156, 6, 'Express Service', 'mobile-express-service-icon.png', 313, 19.99),
(1157, 6, 'Diagnostic Service', 'mobile-diagnostic-service-icon.png', 314, 14.99),
(1158, 6, 'Earpiece Repair', 'mobile-earpiece-icon.png', 314, 29.99),
(1159, 6, 'Liquid Damage', 'mobile-liquid-damage-icon.png', 314, 39.99),
(1160, 6, 'Loudspeaker Repair', 'mobile-loudspeaker-icon.png', 314, 39.99),
(1161, 6, 'Microphone Repair', 'mobile-microphone.png', 314, 29.99),
(1162, 6, 'Mute Button Repair', 'mobile-mute-icon.png', 314, 29.99),
(1163, 6, 'Power Button Repair', 'mobile-power-button-icon.png', 314, 39.99),
(1164, 6, 'Rear Camera Repair', 'mobile-camera.png', 314, 29.99),
(1165, 6, 'Rear Cover Repair', 'mobile-rear-cover-icon.png', 314, 49.99),
(1166, 6, 'Software Fix', 'mobile-softwere-icon.png', 314, 24.99),
(1167, 6, 'Vibration Repair', 'mobile-vibration-icon.png', 314, 39.99),
(1168, 6, 'Volume Repair', 'mobile-volume-icon.png', 314, 49.99),
(1169, 6, 'WIFI Repair', 'mobile-wifi-icon.png', 314, 49.99),
(1170, 6, 'Data Recovery', 'mobile-data-recovery-icon.png', 314, 99.99),
(1171, 6, 'Home Button', 'mobile-home-button-icon.png', 314, 29.99),
(1172, 6, 'Sim Card', 'mobile-sim-card-icon.png', 314, 19.99),
(1173, 6, 'Express Service', 'mobile-express-service-icon.png', 314, 49.99),
(1174, 6, 'Diagnostic Service', 'mobile-diagnostic-service-icon.png', 315, 14.99),
(1175, 6, 'Earpiece Repair', 'mobile-earpiece-icon.png', 315, 24.99),
(1176, 6, 'Liquid Damage', 'mobile-liquid-damage-icon.png', 315, 39.99),
(1177, 6, 'Loudspeaker Repair', 'mobile-loudspeaker-icon.png', 315, 24.99),
(1178, 6, 'Microphone Repair', 'mobile-microphone.png', 315, 24.99),
(1179, 6, 'Mute Button Repair', 'mobile-mute-icon.png', 315, 24.99),
(1180, 6, 'Power Button Repair', 'mobile-power-button-icon.png', 315, 24.99),
(1181, 6, 'Rear Camera Repair', 'mobile-camera.png', 315, 24.99),
(1182, 6, 'Rear Cover Repair', 'mobile-rear-cover-icon.png', 315, 24.99),
(1183, 6, 'Software Fix', 'mobile-softwere-icon.png', 315, 24.99),
(1184, 6, 'Vibration Repair', 'mobile-vibration-icon.png', 315, 24.99),
(1185, 6, 'Volume Repair', 'mobile-volume-icon.png', 315, 24.99),
(1186, 6, 'WIFI Repair', 'mobile-wifi-icon.png', 315, 39.99),
(1187, 6, 'Data Recovery', 'mobile-data-recovery-icon.png', 315, 99.99),
(1188, 6, 'Home Button', 'mobile-home-button-icon.png', 315, 24.99),
(1189, 6, 'Sim Card', 'mobile-sim-card-icon.png', 315, 39.99),
(1190, 6, 'Rear Glass Repair', 'mobile-ext-icon.png', 315, 39.99),
(1191, 6, 'Data Recovery', 'mobile-data-recovery-icon.png', 189, 99.99),
(1192, 6, 'Home Button', 'mobile-home-button-icon.png', 189, 44.99),
(1193, 6, 'Sim Card', 'mobile-sim-card-icon.png', 189, 69.99),
(1194, 6, 'Customisation', 'mobile-ext-icon.png', 316, 95.99),
(1195, 6, 'Diagnostic Service', 'mobile-diagnostic-service-icon.png', 316, 14.99),
(1196, 6, 'Earpiece Repair', 'mobile-earpiece-icon.png', 316, 24.99),
(1197, 6, 'Express Service', 'mobile-express-service-icon.png', 316, 19.99),
(1198, 6, 'Home Button', 'mobile-home-button-icon.png', 316, 24.99),
(1199, 6, 'Liquid Damage', 'mobile-liquid-damage-icon.png', 316, 39.99),
(1200, 6, 'Loudspeaker Repair', 'mobile-loudspeaker-icon.png', 316, 24.99),
(1201, 6, 'Microphone Repair', 'mobile-microphone.png', 316, 24.99),
(1202, 6, 'Mute Button Repair', 'mobile-mute-icon.png', 316, 29.99),
(1203, 6, 'Power Button Repair', 'mobile-power-button-icon.png', 316, 29.99),
(1204, 6, 'Rear Camera Repair', 'mobile-camera.png', 316, 24.99),
(1205, 6, 'Rear Cover Repair', 'mobile-rear-cover-icon.png', 316, 49.99),
(1206, 6, 'Rear Cover Glass', 'mobile-ext-icon.png', 316, 49.99),
(1207, 6, 'Sim Card Not Reading', 'mobile-sim-card-icon.png', 316, 99.99),
(1208, 6, 'Software Fix', 'mobile-softwere-icon.png', 316, 29.99),
(1209, 6, 'Vibration Repair', 'mobile-vibration-icon.png', 316, 29.99),
(1210, 6, 'Volume Repair', 'mobile-volume-icon.png', 316, 29.99),
(1211, 6, 'WIFI Repair', 'mobile-wifi-icon.png', 315, 49.99),
(1212, 6, 'Data Recovery', 'mobile-data-recovery-icon.png', 316, 99.99),
(1213, 6, 'Home Button', 'mobile-home-button-icon.png', 317, 24.99),
(1214, 6, 'Liquid Damage', 'mobile-liquid-damage-icon.png', 317, 39.99),
(1215, 6, 'Loudspeaker Repair', 'mobile-loudspeaker-icon.png', 317, 24.99),
(1216, 6, 'Microphone Repair', 'mobile-microphone.png', 317, 24.99),
(1217, 6, 'Mute Button Repair', 'mobile-mute-icon.png', 317, 24.99),
(1218, 6, 'Power Button Repair', 'mobile-power-button-icon.png', 317, 29.99),
(1219, 6, 'Rear Camera Repair', 'mobile-camera.png', 317, 24.99),
(1220, 6, 'Rear Cover Glass', 'mobile-ext-icon.png', 317, 49.99),
(1221, 6, 'Rear Cover Repair', 'mobile-rear-cover-icon.png', 317, 49.99),
(1222, 6, 'Sim Card Not Reading', 'mobile-sim-card-icon.png', 317, 49.99),
(1223, 6, 'Software Fix', 'mobile-softwere-icon.png', 317, 24.99),
(1224, 6, 'Vibration Repair', 'mobile-vibration-icon.png', 317, 29.99),
(1225, 6, 'Volume Repair', 'mobile-volume-icon.png', 317, 29.99),
(1226, 6, 'WIFI Repair', 'mobile-wifi-icon.png', 317, 39.99),
(1227, 6, 'Data Recovery', 'mobile-data-recovery-icon.png', 317, 99.99),
(1228, 6, 'Diagnostic Service', 'mobile-diagnostic-service-icon.png', 318, 14.99),
(1229, 6, 'Earpiece Repair', 'mobile-earpiece-icon.png', 318, 19.99),
(1230, 6, 'Express Service', 'mobile-ext-icon.png', 318, 19.99),
(1231, 6, 'Front Camera Repair', 'mobile-camera.png', 318, 19.99),
(1232, 6, 'Broken Screen', 'mobile-broken-screen-icon.png', 318, 29.99),
(1233, 6, 'Headphone Socket', 'mobile-headphone-socket.png', 318, 19.99),
(1234, 6, 'Home Button', 'mobile-home-button-icon.png', 318, 19.99),
(1235, 6, 'Liquid Damage', 'mobile-liquid-damage-icon.png', 318, 39.99),
(1236, 6, 'Loudspeaker Repair', 'mobile-loudspeaker-icon.png', 318, 24.99),
(1237, 6, 'Microphone Repair', 'mobile-microphone.png', 318, 19.99),
(1238, 6, 'Mute Button Repair', 'mobile-mute-icon.png', 318, 24.99),
(1239, 6, 'Power Button Repair', 'mobile-power-button-icon.png', 318, 24.99),
(1240, 6, 'Rear Camera Repair', 'mobile-camera.png', 318, 19.99),
(1241, 6, 'Rear Cover Glass', 'mobile-ext-icon.png', 318, 12.99),
(1242, 6, 'Rear Cover Repair', 'mobile-rear-cover-icon.png', 318, 12.99),
(1243, 6, 'Sim Card Not Reading', 'mobile-sim-card-icon.png', 318, 39.99),
(1244, 6, 'Software Fix', 'mobile-softwere-icon.png', 318, 19.99),
(1245, 6, 'Vibration Repair', 'mobile-vibration-icon.png', 318, 19.99),
(1246, 6, 'Volume Repair', 'mobile-volume-icon.png', 318, 24.99),
(1247, 6, 'WIFI Repair', 'mobile-wifi-icon.png', 318, 39.99),
(1248, 6, 'Data Recovery', 'mobile-data-recovery-icon.png', 318, 99.99),
(1249, 25, 'Network Problem', 'mobile-network-icon.png', 233, 24.99),
(1250, 25, 'Charging Port', 'mobile-charging-port-icon.png', 233, 24.99),
(1251, 25, 'Earpiece Repair', 'mobile-earpiece-icon.png', 233, 24.99),
(1252, 25, 'Express Service', 'mobile-express-service-icon.png', 233, 19.99),
(1253, 25, 'Front Camera Repair', 'mobile-camera.png', 233, 24.99),
(1254, 25, 'Broken Screen', 'mobile-broken-screen-icon.png', 233, 39.99),
(1255, 25, 'Headphone Socket', 'mobile-headphone-socket.png', 233, 24.99),
(1256, 25, 'Home Button', 'mobile-home-button-icon.png', 233, 24.99),
(1257, 25, 'Loudspeaker Repair', 'mobile-loudspeaker-icon.png', 233, 24.99),
(1258, 25, 'Microphone Repair', 'mobile-microphone.png', 233, 24.99),
(1259, 25, 'Mute Button Repair', 'mobile-mute-icon.png', 233, 24.99),
(1260, 25, 'Power Button Repair', 'mobile-power-button-icon.png', 233, 24.99),
(1261, 25, 'Rear Camera Repair', 'mobile-camera.png', 233, 24.99),
(1262, 25, 'Rear Cover Repair', 'mobile-rear-cover-icon.png', 233, 24.99),
(1263, 25, 'Sim Card Not Reading', 'mobile-sim-card-icon.png', 233, 39.99),
(1264, 25, 'Software Fix', 'mobile-softwere-icon.png', 233, 19.99),
(1265, 25, 'Vibration Repair', 'mobile-vibration-icon.png', 233, 24.99),
(1266, 25, 'Volume Repair', 'mobile-volume-icon.png', 233, 24.99),
(1267, 25, 'WIFI Repair', 'mobile-wifi-icon.png', 233, 24.99),
(1268, 25, 'Data Recovery', 'mobile-data-recovery-icon.png', 233, 49.99),
(1269, 6, 'Network Problem', 'mobile-network-icon.png', 332, 39.99),
(1270, 6, 'Battery Problem', 'mobile-battery.png', 332, 24.99),
(1271, 6, 'Charging Port', 'mobile-charging-port-icon.png', 332, 24.99),
(1272, 6, 'Customisation', 'mobile-ext-icon.png', 332, 95.99),
(1273, 6, 'Diagnostic Service', 'mobile-diagnostic-service-icon.png', 332, 14.99),
(1274, 6, 'Earpiece Repair', 'mobile-earpiece-icon.png', 332, 24.99),
(1275, 6, 'Express Service', 'mobile-ext-icon.png', 332, 19.99),
(1276, 6, 'Front Camera Repair', 'mobile-camera.png', 332, 24.99),
(1277, 6, 'Broken Screen', 'mobile-broken-screen-icon.png', 332, 34.99),
(1278, 6, 'Headphone Socket', 'mobile-headphone-socket.png', 332, 24.99),
(1279, 6, 'Home Button', 'mobile-home-button-icon.png', 332, 24.99),
(1280, 6, 'Liquid Damage', 'mobile-liquid-damage-icon.png', 332, 39.99),
(1281, 6, 'Loudspeaker Repair', 'mobile-loudspeaker-icon.png', 332, 24.99),
(1282, 6, 'Microphone Repair', 'mobile-microphone.png', 332, 24.99),
(1283, 6, 'Mute Button Repair', 'mobile-mute-icon.png', 332, 29.99),
(1284, 6, 'Power Button Repair', 'mobile-power-button-icon.png', 332, 29.99),
(1285, 6, 'Rear Camera Repair', 'mobile-camera.png', 332, 24.99),
(1286, 6, 'Rear Cover Repair', 'mobile-rear-cover-icon.png', 332, 49.99),
(1287, 6, 'Sim Card Not Reading', 'mobile-sim-card-icon.png', 332, 49.99),
(1288, 6, 'Software Fix', 'mobile-softwere-icon.png', 332, 24.99),
(1289, 6, 'Vibration Repair', 'mobile-vibration-icon.png', 332, 29.99),
(1290, 6, 'Volume Repair', 'mobile-volume-icon.png', 332, 29.99),
(1291, 6, 'WIFI Repair', 'mobile-wifi-icon.png', 332, 39.99),
(1292, 6, 'Data Recovery', 'mobile-data-recovery-icon.png', 332, 99.99),
(1293, 6, 'Network Problem', 'mobile-network-icon.png', 333, 39.99),
(1294, 6, 'Battery Problem', 'mobile-battery.png', 333, 19.99),
(1295, 6, 'Charging Port', 'mobile-charging-port-icon.png', 333, 19.99),
(1296, 6, 'Diagnostic Service', 'mobile-diagnostic-service-icon.png', 333, 14.99),
(1297, 6, 'Earpiece Repair', 'mobile-earpiece-icon.png', 333, 19.99),
(1298, 6, 'Express Service', 'mobile-express-service-icon.png', 333, 19.99),
(1299, 6, 'Front Camera Repair', 'mobile-camera.png', 333, 19.99),
(1300, 6, 'Broken Screen', 'mobile-broken-screen-icon.png', 333, 29.99),
(1301, 6, 'Headphone Socket', 'mobile-headphone-socket.png', 333, 19.99),
(1302, 6, 'Home Button', 'mobile-home-button-icon.png', 333, 19.99),
(1303, 6, 'Liquid Damage', 'mobile-liquid-damage-icon.png', 333, 39.99),
(1304, 6, 'Loudspeaker Repair', 'mobile-loudspeaker-icon.png', 333, 24.99),
(1305, 6, 'Microphone Repair', 'mobile-microphone.png', 333, 19.99),
(1306, 6, 'Mute Button Repair', 'mobile-mute-icon.png', 333, 24.99),
(1307, 6, 'Power Button Repair', 'mobile-power-button-icon.png', 333, 24.99),
(1308, 6, 'Rear Camera Repair', 'mobile-camera.png', 333, 19.99),
(1309, 6, 'Rear Cover Glass', 'mobile-ext-icon.png', 333, 12.99),
(1310, 6, 'Rear Cover Repair', 'mobile-rear-cover-icon.png', 333, 12.99),
(1311, 6, 'Sim Card Not Reading', 'mobile-sim-card-icon.png', 333, 39.99),
(1312, 6, 'Software Fix', 'mobile-softwere-icon.png', 333, 19.99),
(1313, 6, 'Vibration Repair', 'mobile-vibration-icon.png', 333, 19.99),
(1314, 6, 'Volume Repair', 'mobile-volume-icon.png', 333, 24.99),
(1315, 6, 'WIFI Repair', 'mobile-wifi-icon.png', 333, 39.99),
(1316, 6, 'Data Recovery', 'mobile-data-recovery-icon.png', 333, 99.99),
(1317, 6, 'Network Problem', 'mobile-network-icon.png', 334, 24.99),
(1318, 6, 'Battery Problem', 'mobile-battery.png', 334, 24.99),
(1319, 6, 'Charging Port', 'mobile-charging-port-icon.png', 334, 29.99),
(1320, 6, 'Diagnostic Service', 'mobile-diagnostic-service-icon.png', 334, 14.99),
(1321, 6, 'Earpiece Repair', 'mobile-earpiece-icon.png', 334, 24.99),
(1322, 6, 'Express Service', 'mobile-express-service-icon.png', 334, 19.99),
(1323, 6, 'Front Camera Repair', 'mobile-camera.png', 334, 24.99),
(1324, 6, 'Broken Screen', 'mobile-broken-screen-icon.png', 334, 27.99),
(1325, 6, 'Headphone Socket', 'mobile-headphone-socket.png', 334, 24.99),
(1326, 6, 'Home Button', 'mobile-home-button-icon.png', 334, 24.99),
(1327, 6, 'Liquid Damage', 'mobile-liquid-damage-icon.png', 334, 39.99),
(1328, 6, 'Loudspeaker Repair', 'mobile-loudspeaker-icon.png', 334, 24.99),
(1329, 6, 'Microphone Repair', 'mobile-microphone.png', 334, 24.99),
(1330, 6, 'Mute Button Repair', 'mobile-mute-icon.png', 334, 24.99),
(1331, 6, 'Power Button Repair', 'mobile-power-button-icon.png', 334, 24.99),
(1332, 6, 'Rear Camera Repair', 'mobile-camera.png', 334, 24.99),
(1333, 6, 'Rear Cover Repair', 'mobile-rear-cover-icon.png', 334, 34.99),
(1334, 6, 'Sim Card Not Reading', 'mobile-sim-card-icon.png', 334, 39.99),
(1335, 6, 'Software Fix', 'mobile-softwere-icon.png', 334, 24.99),
(1336, 6, 'Vibration Repair', 'mobile-vibration-icon.png', 334, 24.99),
(1337, 6, 'Volume Repair', 'mobile-volume-icon.png', 334, 24.99),
(1338, 6, 'WIFI Repair', 'mobile-wifi-icon.png', 334, 24.99),
(1339, 6, 'Data Recovery', 'mobile-data-recovery-icon.png', 334, 49.99);

-- --------------------------------------------------------

--
-- Table structure for table `sell`
--

CREATE TABLE `sell` (
  `sell_id` int(11) NOT NULL,
  `brand_id` int(11) DEFAULT NULL,
  `site_user_id` int(11) DEFAULT NULL COMMENT 'id from site_user(fk)',
  `model_id` int(11) DEFAULT NULL,
  `memory` varchar(100) DEFAULT NULL,
  `phone_status` int(11) DEFAULT NULL COMMENT '0: off, 1: on',
  `accessories` varchar(250) DEFAULT NULL,
  `issues` varchar(250) DEFAULT NULL,
  `status` tinyint(1) NOT NULL DEFAULT '1' COMMENT '0: not active, 1:active',
  `created_at` timestamp NOT NULL DEFAULT CURRENT_TIMESTAMP,
  `updated_at` timestamp NOT NULL DEFAULT CURRENT_TIMESTAMP ON UPDATE CURRENT_TIMESTAMP
) ENGINE=InnoDB DEFAULT CHARSET=latin1;

--
-- Dumping data for table `sell`
--

INSERT INTO `sell` (`sell_id`, `brand_id`, `site_user_id`, `model_id`, `memory`, `phone_status`, `accessories`, `issues`, `status`, `created_at`, `updated_at`) VALUES
(1, 6, 1, 187, '8', 1, 'Charger,Earphone', 'Network Problem,Earpiece Repair', 1, '2018-03-09 11:59:24', '2018-03-09 11:59:24'),
(2, 6, 1, 187, '8', 1, 'Box', 'Network Problem,Front Camera', 1, '2018-03-09 12:00:32', '2018-03-09 12:00:32'),
(3, 56, 2, 71, '16', 1, 'Charger,Valid Bill', 'Front Camera,Broken Screen', 1, '2018-03-09 12:26:51', '2018-03-09 12:26:51'),
(4, 6, 1, 187, '8', 1, 'Charger', 'Network Problem', 1, '2018-03-09 13:01:05', '2018-03-09 13:01:05'),
(5, 6, 2, 187, '8', 1, 'Charger,Earphone', 'Network Problem,Battery Problem', 1, '2018-03-09 13:20:41', '2018-03-09 13:20:41'),
(6, 6, 2, 189, '32', 1, 'Charger,Valid Bill', 'Battery Problem,Earpiece Repair', 1, '2018-03-09 13:23:35', '2018-03-09 13:23:35'),
(7, 6, 1, 187, '8', 1, 'Charger,Earphone', 'Network Problem,Battery Problem', 1, '2018-03-12 05:40:22', '2018-03-12 05:40:22'),
(8, 6, 3, 187, '16', 0, 'Earphone', 'Earpiece Repair,Front Camera', 1, '2018-03-12 05:46:01', '2018-03-12 05:46:01'),
(9, 6, 3, 187, '8', 1, 'Earphone', 'Network Problem', 1, '2018-03-12 05:58:15', '2018-03-12 05:58:15'),
(10, 6, 4, 187, '8', 1, 'Earphone', 'Battery Problem', 1, '2018-03-12 07:17:00', '2018-03-12 07:17:00'),
(11, 6, 5, 187, '8', 1, 'Charger', 'Network Problem', 1, '2018-03-12 13:06:57', '2018-03-12 13:06:57'),
(12, 6, 6, 190, '32', 1, 'Charger,Box', 'Headphone Socket,Battery Problem', 1, '2018-03-12 13:30:46', '2018-03-12 13:30:46'),
(13, 6, 10, 187, '16', 1, 'Earphone,Box', 'Earpiece Repair,Battery Problem', 1, '2018-03-14 06:45:01', '2018-03-14 06:45:01'),
(14, 6, 10, 189, '16', 1, 'Charger,Earphone', 'Front Camera Repair,Earpiece Repair', 1, '2018-03-14 08:45:15', '2018-03-14 08:45:15'),
(15, 55, 10, 138, '16', 1, 'Earphone,Charger', 'Front Camera,Network Problem', 1, '2018-03-26 05:15:49', '2018-03-26 05:15:49'),
(16, 6, 15, 187, '8', 0, 'Charger,Earphone', 'Network Problem,Battery Problem', 1, '2018-03-28 07:08:41', '2018-03-28 07:08:41'),
(17, 6, 15, 187, '8', 1, 'Charger,Box', 'Battery Problem,Earpiece Repair', 1, '2018-03-28 07:54:37', '2018-03-28 07:54:37'),
(18, 6, 15, 187, '8', 1, 'Charger,Box', 'Battery Problem,Earpiece Repair', 1, '2018-03-28 07:55:21', '2018-03-28 07:55:21'),
(19, 6, 15, 187, '8', 1, 'Charger,Earphone', 'Network Problem', 1, '2018-03-28 07:56:39', '2018-03-28 07:56:39'),
(20, 6, 15, 187, '8', 1, 'Charger,Box', 'Battery Problem,Earpiece Repair', 1, '2018-04-04 10:37:40', '2018-04-04 10:37:40'),
(21, 6, 15, 187, '8', 1, 'Charger,Box', 'Network Problem,Front Camera', 1, '2018-04-04 11:59:57', '2018-04-04 11:59:57'),
(22, 6, 15, 187, '8', 1, 'Charger,Earphone', 'Network Problem,Front Camera', 1, '2018-04-04 13:05:25', '2018-04-04 13:05:25'),
(23, 6, 15, 187, '8', 1, 'Earphone,Box', 'Network Problem,Battery Problem', 1, '2018-04-10 05:42:16', '2018-04-10 05:42:16');

-- --------------------------------------------------------

--
-- Table structure for table `sell_messages`
--

CREATE TABLE `sell_messages` (
  `id` int(11) NOT NULL,
  `sell_id` int(11) DEFAULT NULL COMMENT 'id from sell(fk)',
  `is_client` int(11) DEFAULT NULL,
  `is_admin` int(11) DEFAULT NULL,
  `mdate` datetime DEFAULT NULL,
  `status` varchar(40) DEFAULT NULL,
  `message` text,
  `date` date DEFAULT NULL,
  `time` time DEFAULT NULL,
  `from_user` int(11) DEFAULT NULL,
  `to_user` int(11) DEFAULT NULL
) ENGINE=InnoDB DEFAULT CHARSET=latin1;

--
-- Dumping data for table `sell_messages`
--

INSERT INTO `sell_messages` (`id`, `sell_id`, `is_client`, `is_admin`, `mdate`, `status`, `message`, `date`, `time`, `from_user`, `to_user`) VALUES
(1, 20, 1, 0, '2018-04-04 11:20:45', 'unread', 'hiii\r\n', '2018-04-04', '11:20:45', NULL, NULL),
(2, 20, 1, 0, '2018-04-04 11:20:51', 'unread', 'hello', '2018-04-04', '11:20:51', NULL, NULL),
(3, 20, 1, 0, '2018-04-04 11:24:41', 'unread', 'h r u??', '2018-04-04', '11:24:41', NULL, NULL),
(4, 20, 0, 1, '2018-04-04 11:39:15', 'unread', 'heyyy', '2018-04-04', '11:39:15', NULL, NULL),
(5, 20, 0, 1, '2018-04-04 11:43:57', 'unread', 'oooooooooooo', '2018-04-04', '11:43:57', NULL, NULL),
(6, 20, 0, 1, '2018-04-04 11:45:33', 'unread', 'h r uuu', '2018-04-04', '11:45:33', NULL, NULL),
(7, 20, 1, 0, '2018-04-04 11:45:59', 'unread', 'fineeee\r\n', '2018-04-04', '11:45:59', NULL, NULL),
(8, 20, 1, 0, '2018-04-04 11:47:12', 'unread', 'hmmmmmmm\r\n', '2018-04-04', '11:47:12', NULL, NULL),
(9, 20, 1, 0, '2018-04-04 11:50:29', 'unread', 'heeeee', '2018-04-04', '11:50:29', NULL, NULL),
(10, 20, 0, 1, '2018-04-04 11:51:13', 'unread', 'hell0', '2018-04-04', '11:51:13', NULL, NULL),
(11, 20, 1, 0, '2018-04-04 11:51:23', 'unread', 'hiii', '2018-04-04', '11:51:23', NULL, NULL),
(12, 20, 0, 1, '2018-04-04 11:52:01', 'unread', 'hhhhhhhhhh', '2018-04-04', '11:52:01', NULL, NULL),
(13, 20, 1, 0, '2018-04-04 11:52:11', 'unread', 'hooooooo', '2018-04-04', '11:52:11', NULL, NULL),
(14, 20, 0, 1, '2018-04-04 11:52:23', 'unread', 'noooooooo', '2018-04-04', '11:52:23', NULL, NULL),
(15, 20, 1, 0, '2018-04-04 11:52:34', 'unread', 'yyyyyyyyyyyyyy', '2018-04-04', '11:52:34', NULL, NULL),
(16, 21, 0, 1, '2018-04-04 12:01:11', 'unread', 'hiiiiii', '2018-04-04', '12:01:11', NULL, NULL),
(17, 21, 1, 0, '2018-04-04 12:01:19', 'unread', 'hellll\r\n', '2018-04-04', '12:01:19', NULL, NULL),
(18, 21, 0, 1, '2018-04-04 12:01:26', 'unread', 'byyeeeeee', '2018-04-04', '12:01:26', NULL, NULL),
(19, 21, 0, 1, '2018-04-04 12:01:32', 'unread', 'heeeeee', '2018-04-04', '12:01:32', NULL, NULL),
(20, 21, 1, 0, '2018-04-04 12:01:39', 'unread', 'nooooo', '2018-04-04', '12:01:39', NULL, NULL),
(21, 21, 1, 0, '2018-04-04 12:01:48', 'unread', 'its okkkkk\r\n', '2018-04-04', '12:01:48', NULL, NULL),
(22, 22, 1, 0, '2018-04-04 13:05:56', 'unread', 'hiiiiiiiiii', '2018-04-04', '13:05:56', NULL, NULL),
(23, 22, 0, 1, '2018-04-04 13:06:04', 'unread', 'hellloooooo', '2018-04-04', '13:06:04', NULL, NULL),
(24, 22, 1, 0, '2018-04-04 13:06:11', 'unread', 'hhhhhhhhhhhhhhhhhh', '2018-04-04', '13:06:11', NULL, NULL),
(25, 22, 1, 0, '2018-04-04 13:06:16', 'unread', 'jjjjjjjjjjjjjjjjjjjjjjjjjjjjjjjjjjjjjjjjjjjjjj', '2018-04-04', '13:06:16', NULL, NULL),
(26, 22, 0, 1, '2018-04-04 13:06:24', 'unread', 'ooooooooooooooooooooo', '2018-04-04', '13:06:24', NULL, NULL);

-- --------------------------------------------------------

--
-- Table structure for table `services`
--

CREATE TABLE `services` (
  `id` int(11) NOT NULL,
  `name` varchar(255) COLLATE utf8_unicode_ci NOT NULL,
  `price` float NOT NULL,
  `short_description` text COLLATE utf8_unicode_ci NOT NULL,
  `status` enum('Active','De-active') COLLATE utf8_unicode_ci NOT NULL DEFAULT 'Active',
  `description` text COLLATE utf8_unicode_ci NOT NULL,
  `created_at` timestamp NOT NULL DEFAULT CURRENT_TIMESTAMP ON UPDATE CURRENT_TIMESTAMP
) ENGINE=InnoDB DEFAULT CHARSET=utf8 COLLATE=utf8_unicode_ci;

--
-- Dumping data for table `services`
--

INSERT INTO `services` (`id`, `name`, `price`, `short_description`, `status`, `description`, `created_at`) VALUES
(2, 'Walk-in Service', 0, 'You can take your device to our workshop, the fastest way to get your device repaired.', 'Active', 'You can take your device to our workshop, the fastest way to get your device repaired. Most servicing and repair are done while you wait. If it requires a more technical repair, we aim to reunite you within 1 working day, after fully tested it. ', '2017-11-20 06:42:46'),
(3, 'Mail-in Repair Service', 5, 'Our fast turnaround postal repair service is here. ', 'Active', 'Book your repair , write the reference number and IMEI number on paper and enclose it with your device.', '2017-11-22 08:18:13'),
(4, 'Call Out Service', 10, 'we\'ll come to you anywhere in city of London to repair your phone in front of you.', 'De-active', 'we\'ll come to you anywhere in city of London to repair your phone in front of you. Repair is done in just 30-40 minutes while you wait.we\'ll charge you once repair is done successfully.No Fix No Fee.', '2017-11-22 08:22:52'),
(5, 'Collect My Device Service', 20, 'we\'ll come to you anywhere in city of London to repair your phone in front of you.', 'De-active', 'we\'ll come to you anywhere in city of London to repair your phone in front of you. Repair is done in just 30-40 minutes while you wait.we\'ll charge you once repair is done successfully.No Fix No Fee.', '2017-11-22 08:22:39');

-- --------------------------------------------------------

--
-- Table structure for table `site_user`
--

CREATE TABLE `site_user` (
  `user_id` int(11) NOT NULL,
  `first_name` varchar(150) DEFAULT NULL,
  `surname` varchar(150) DEFAULT NULL,
  `title` varchar(150) DEFAULT NULL,
  `email` varchar(150) DEFAULT NULL,
  `phone` varchar(150) DEFAULT NULL,
  `house_no` varchar(150) DEFAULT NULL,
  `street` varchar(150) DEFAULT NULL,
  `city` varchar(150) DEFAULT NULL,
  `country` varchar(150) DEFAULT NULL,
  `address` text,
  `postcode` varchar(100) DEFAULT NULL,
  `password` varchar(200) DEFAULT NULL,
  `status` tinyint(1) NOT NULL DEFAULT '1' COMMENT '0:not active, 1:active',
  `created_at` timestamp NOT NULL DEFAULT CURRENT_TIMESTAMP,
  `updated_at` timestamp NOT NULL DEFAULT CURRENT_TIMESTAMP ON UPDATE CURRENT_TIMESTAMP
) ENGINE=InnoDB DEFAULT CHARSET=latin1;

--
-- Dumping data for table `site_user`
--

INSERT INTO `site_user` (`user_id`, `first_name`, `surname`, `title`, `email`, `phone`, `house_no`, `street`, `city`, `country`, `address`, `postcode`, `password`, `status`, `created_at`, `updated_at`) VALUES
(1, 'yuvraj', 'subh', 'issue', 'yuvi@gmail.com', '57567567', '124', 'jal', 'jal', 'india', NULL, '12345', 'e10adc3949ba59abbe56e057f20f883e', 1, '2018-03-09 11:59:24', '2018-03-09 11:59:24'),
(2, 'akash', 'kumar', 'issue', 'akash@gmail.com', '657567', '117', 'chd', 'chd', 'india', NULL, '1234', 'e10adc3949ba59abbe56e057f20f883e', 1, '2018-03-09 12:26:51', '2018-03-09 12:26:51'),
(5, 'abhi', 'kumar', 'issue', 'abhi@gamil.com', '435345435', '345', 'jal', 'jal', 'india', NULL, '1234', 'e10adc3949ba59abbe56e057f20f883e', 1, '2018-03-12 13:06:57', '2018-03-12 13:06:57'),
(6, 'nitesh', 'kumar', 'issue', 'nitesh@gmail.com', '9979797', '123', 'jal', 'jal', 'india', NULL, '12345', 'e10adc3949ba59abbe56e057f20f883e', 1, '2018-03-12 13:30:46', '2018-03-12 13:30:46'),
(7, 'raj', NULL, NULL, 'raj@gmail.com', '4354354', NULL, NULL, NULL, NULL, 'punjab', '12345', 'e10adc3949ba59abbe56e057f20f883e', 1, '2018-03-13 10:21:03', '2018-03-13 10:21:03'),
(8, 'yuvraj', NULL, NULL, 'yuvraj@gmail.com', '6656546546', NULL, NULL, NULL, NULL, 'india', '5435435', 'e10adc3949ba59abbe56e057f20f883e', 1, '2018-03-13 13:23:31', '2018-03-13 13:23:31'),
(9, 'Amit Parmar', NULL, NULL, 'amitparmar98@gmail.com', '09650447798', NULL, NULL, NULL, NULL, '1903-P, Sector 45', '122003', 'd41d8cd98f00b204e9800998ecf8427e', 1, '2018-03-14 05:56:27', '2018-03-14 05:56:27'),
(10, 'NItesh kumar', NULL, NULL, 'nitesh@gmail.com', '7696837929', NULL, NULL, NULL, NULL, '56-A Mall Road,Fullbhag', '109871', 'faa724e7735e9bee9d6b5c4c6a159b28', 1, '2018-03-14 06:33:48', '2018-03-14 06:33:48'),
(11, 'ravi', NULL, NULL, 'ravi@gmail.com', '656546', NULL, NULL, NULL, NULL, 'india', '3243', 'e10adc3949ba59abbe56e057f20f883e', 1, '2018-03-14 07:07:21', '2018-03-14 07:07:21'),
(12, 'Amit Parmar', NULL, NULL, 'asd@gmail.com', '9650447798', NULL, NULL, NULL, NULL, '1903-P, Sector 45', '122003', 'adcea4c581ac2937f0f83b527a05231c', 1, '2018-03-17 07:24:12', '2018-03-17 07:24:12'),
(13, 'tina bij', NULL, NULL, 'fff@gmail.com', '9999999999', NULL, NULL, NULL, NULL, '6666', '', '9a0fe27c8bcc9aad51eda55e1b735eb5', 1, '2018-03-22 17:07:12', '2018-03-22 17:07:12'),
(14, 'NItesh', NULL, NULL, 'nitesh@gmail.com', '9632587412', NULL, NULL, NULL, NULL, '89 fullbhag', '963258', 'd41d8cd98f00b204e9800998ecf8427e', 1, '2018-03-23 11:00:40', '2018-03-23 11:00:40'),
(15, 'yuvraj', '', 'service', 'yuvi.unique@gmail.com', '99080800', '333', 'jal', 'jal', 'india', 'india', '12345', 'e10adc3949ba59abbe56e057f20f883e', 1, '2018-03-23 12:38:51', '2018-03-28 07:26:37'),
(16, 'Amit Parmar', NULL, NULL, 'amitparmar98@gmail.com', '9650447798', NULL, NULL, NULL, NULL, '1903-P, Sector 45', '122003', '912ec803b2ce49e4a541068d495ab570', 1, '2018-03-24 06:46:31', '2018-03-24 06:46:31'),
(17, 'LSQ', NULL, NULL, 'ramakrishnan_1996@hotmail.com', '9600577254', NULL, NULL, NULL, NULL, 'Bengaluru, HSR Layout ', '560034', '202cb962ac59075b964b07152d234b70', 1, '2018-03-28 04:49:01', '2018-03-28 04:49:01'),
(18, 'Blu Reynolds', NULL, NULL, 'mastereynolds@gmail.com', '7814443175', NULL, NULL, NULL, NULL, '54 Bramblebury Rd', 'SE18 7TG', '15088d6914a7ea40a3fed04cbf879e7d', 1, '2018-04-02 20:30:11', '2018-04-02 20:30:11'),
(19, 'yuvraj', NULL, NULL, 'yuvi.unique1@gmail.com', '7896543214', NULL, NULL, NULL, NULL, 'india', '123456', 'e10adc3949ba59abbe56e057f20f883e', 1, '2018-04-04 16:47:09', '2018-04-04 16:47:09'),
(20, 'akash', NULL, NULL, 'subh.seema21@gmail.com', '7689654321', NULL, NULL, NULL, NULL, 'india', '123456', 'e10adc3949ba59abbe56e057f20f883e', 1, '2018-04-04 17:15:33', '2018-04-04 17:15:33'),
(21, 'satyinder', NULL, NULL, 'satinderpal279@gmail.com', '6789654378', NULL, NULL, NULL, NULL, 'india', '123456', 'e10adc3949ba59abbe56e057f20f883e', 1, '2018-04-05 04:59:16', '2018-04-05 04:59:16'),
(22, 'Avis', NULL, NULL, 'avistcengg@gmail.com', '7865438907', NULL, NULL, NULL, NULL, 'india', '123456', 'e10adc3949ba59abbe56e057f20f883e', 1, '2018-04-05 05:49:07', '2018-04-05 05:49:07'),
(23, 'Miss Enkita Lala', NULL, NULL, 'enkitalala@hotmail.co.uk', '7788273194', NULL, NULL, NULL, NULL, 'Flat A 316 Kilburn Lane', 'w9 3ef', '47eef049c982edd545b7b9182c139efc', 1, '2018-04-09 13:26:42', '2018-04-09 13:26:42');

-- --------------------------------------------------------

--
-- Table structure for table `users`
--

CREATE TABLE `users` (
  `id` int(11) NOT NULL,
  `fullname` varchar(255) NOT NULL,
  `username` varchar(255) NOT NULL,
  `password` varchar(255) NOT NULL,
  `email` varchar(255) NOT NULL,
  `status` int(11) NOT NULL,
  `phone` varchar(255) NOT NULL
) ENGINE=MyISAM DEFAULT CHARSET=latin1;

--
-- Dumping data for table `users`
--

INSERT INTO `users` (`id`, `fullname`, `username`, `password`, `email`, `status`, `phone`) VALUES
(1, 'Dev Admin', 'admin', 'sony@123', 'admin@oscuz.com', 1, '9569032835'),
(4, 'Avis', 'avistech', '1234567', 'avistech@gmail.com', 0, '53253464576');

-- --------------------------------------------------------

--
-- Table structure for table `vendor`
--

CREATE TABLE `vendor` (
  `id` int(11) NOT NULL,
  `fullname` varchar(255) NOT NULL,
  `emails` varchar(255) NOT NULL,
  `website` varchar(300) NOT NULL,
  `business_name` varchar(255) NOT NULL,
  `address1` text NOT NULL,
  `address2` text NOT NULL,
  `city` varchar(255) NOT NULL,
  `state` varchar(500) NOT NULL,
  `zip` varchar(255) NOT NULL,
  `phone` varchar(255) NOT NULL,
  `location_on_map` text NOT NULL
) ENGINE=MyISAM DEFAULT CHARSET=latin1;

--
-- Dumping data for table `vendor`
--

INSERT INTO `vendor` (`id`, `fullname`, `emails`, `website`, `business_name`, `address1`, `address2`, `city`, `state`, `zip`, `phone`, `location_on_map`) VALUES
(6, 'Bridge House', 'info@pcgarage.uk.com', 'www.pcgarage.uk.com', 'Bridge House', 'Chamberlayne Rd', '', 'London ', '', 'NW10 3NR', '020-7221-8038', '<iframe src="https://www.google.com/maps/embed?pb=!1m18!1m12!1m3!1d2481.827036257388!2d-0.2214933841842836!3d51.534732179639725!2m3!1f0!2f0!3f0!3m2!1i1024!2i768!4f13.1!3m3!1m2!1s0x487610389436fd19%3A0xe704150e91b7253d!2sBridge+House%2C+Chamberlayne+Rd%2C+London+NW10+3NR%2C+UK!5e0!3m2!1sen!2sin!4v1511173717518" width="100%" height="450" frameborder="0" style="border:0" allowfullscreen></iframe>'),
(5, 'Nottingham Address', 'info@pcgarage.uk.com', 'www.pcgarage.uk.com', 'Nottingham', '3, Market Street', '', 'NOTTINGHAM', 'london', 'NG1 6HY', '0-115-941-7777', '<iframe src="https://www.google.com/maps/embed?pb=!1m18!1m12!1m3!1d2403.6957709078356!2d-1.1536660841329707!3d52.95389697989866!2m3!1f0!2f0!3f0!3m2!1i1024!2i768!4f13.1!3m3!1m2!1s0x4879c22a9ef88a2d%3A0x65170fde7107b61d!2s3+Market+St%2C+Nottingham+NG1%2C+UK!5e0!3m2!1sen!2sin!4v1511173845366" width="100%" height="450" frameborder="0" style="border:0" allowfullscreen></iframe>'),
(7, 'Ladbroke Grove', 'info@pcgarage.uk.com', 'www.pcgarage.uk.com', 'Ladbroke Grove', '147, Ladbroke Grove    ', '', 'London', '', 'W10 6HJ', '0-207-221-8038', '<iframe src="https://www.google.com/maps/embed?pb=!1m18!1m12!1m3!1d2482.781235262737!2d-0.2122620841849054!3d51.517229379636724!2m3!1f0!2f0!3f0!3m2!1i1024!2i768!4f13.1!3m3!1m2!1s0x4876101f7422974f%3A0xeb84e28cac2440c7!2s147+Ladbroke+Grove%2C+London+W10+6HJ%2C+UK!5e0!3m2!1sen!2sin!4v1511173793803" width="100%" height="450" frameborder="0" style="border:0" allowfullscreen></iframe>'),
(8, 'Littlehampton', 'info@pcgarage.uk.com', 'www.pcgarage.uk.com', 'Littlehampton', '54, High St Littlehampton', '', 'West Sussex', '', 'BN17 5EA', '0-190-371-4171', '<iframe src="https://www.google.com/maps/embed?pb=!1m18!1m12!1m3!1d2521.177358668801!2d-0.5443746847137385!3d50.80935256932056!2m3!1f0!2f0!3f0!3m2!1i1024!2i768!4f13.1!3m3!1m2!1s0x4875a57a40161883%3A0xe5291fc23d948bfc!2s54+High+St%2C+Littlehampton+BN17+5EA%2C+UK!5e0!3m2!1sen!2sin!4v1509610905921" width="100%" height="300" frameborder="0" style="border:0" allowfullscreen></iframe>'),
(9, 'Camden Town', 'info@pcgarage.uk.com', 'www.pcgarage.uk.com', 'Camden Town', '50 Chalk Farm road', '', 'Camden Town', '', 'NW1 8AN', '020-7424-9206', '<iframe src="https://www.google.com/maps/embed?pb=!1m18!1m12!1m3!1d2481.3688917869104!2d-0.15161298418397873!3d51.54313437964098!2m3!1f0!2f0!3f0!3m2!1i1024!2i768!4f13.1!3m3!1m2!1s0x48761ae5ad20a6cf%3A0x1a37544aff89c8bc!2s50+Chalk+Farm+Rd%2C+London+NW1+8AN%2C+UK!5e0!3m2!1sen!2sin!4v1511173993934" width="100%" height="450" frameborder="0" style="border:0" allowfullscreen></iframe>');

--
-- Indexes for dumped tables
--

--
-- Indexes for table `brands`
--
ALTER TABLE `brands`
  ADD PRIMARY KEY (`id`);

--
-- Indexes for table `contact_info`
--
ALTER TABLE `contact_info`
  ADD PRIMARY KEY (`id`);

--
-- Indexes for table `home_form`
--
ALTER TABLE `home_form`
  ADD PRIMARY KEY (`id`);

--
-- Indexes for table `messages`
--
ALTER TABLE `messages`
  ADD PRIMARY KEY (`id`);

--
-- Indexes for table `modals`
--
ALTER TABLE `modals`
  ADD PRIMARY KEY (`id`);

--
-- Indexes for table `orders`
--
ALTER TABLE `orders`
  ADD PRIMARY KEY (`id`);

--
-- Indexes for table `other_messages`
--
ALTER TABLE `other_messages`
  ADD PRIMARY KEY (`id`);

--
-- Indexes for table `other_orders`
--
ALTER TABLE `other_orders`
  ADD PRIMARY KEY (`other_id`);

--
-- Indexes for table `pages`
--
ALTER TABLE `pages`
  ADD PRIMARY KEY (`id`);

--
-- Indexes for table `pc_issue`
--
ALTER TABLE `pc_issue`
  ADD PRIMARY KEY (`id`);

--
-- Indexes for table `sell`
--
ALTER TABLE `sell`
  ADD PRIMARY KEY (`sell_id`);

--
-- Indexes for table `sell_messages`
--
ALTER TABLE `sell_messages`
  ADD PRIMARY KEY (`id`);

--
-- Indexes for table `services`
--
ALTER TABLE `services`
  ADD PRIMARY KEY (`id`);

--
-- Indexes for table `site_user`
--
ALTER TABLE `site_user`
  ADD PRIMARY KEY (`user_id`);

--
-- Indexes for table `users`
--
ALTER TABLE `users`
  ADD PRIMARY KEY (`id`);

--
-- Indexes for table `vendor`
--
ALTER TABLE `vendor`
  ADD PRIMARY KEY (`id`);

--
-- AUTO_INCREMENT for dumped tables
--

--
-- AUTO_INCREMENT for table `brands`
--
ALTER TABLE `brands`
  MODIFY `id` bigint(20) NOT NULL AUTO_INCREMENT, AUTO_INCREMENT=76;
--
-- AUTO_INCREMENT for table `contact_info`
--
ALTER TABLE `contact_info`
  MODIFY `id` int(11) NOT NULL AUTO_INCREMENT, AUTO_INCREMENT=3;
--
-- AUTO_INCREMENT for table `home_form`
--
ALTER TABLE `home_form`
  MODIFY `id` int(11) NOT NULL AUTO_INCREMENT, AUTO_INCREMENT=2;
--
-- AUTO_INCREMENT for table `messages`
--
ALTER TABLE `messages`
  MODIFY `id` int(11) NOT NULL AUTO_INCREMENT, AUTO_INCREMENT=220;
--
-- AUTO_INCREMENT for table `modals`
--
ALTER TABLE `modals`
  MODIFY `id` bigint(20) NOT NULL AUTO_INCREMENT, AUTO_INCREMENT=335;
--
-- AUTO_INCREMENT for table `orders`
--
ALTER TABLE `orders`
  MODIFY `id` int(11) NOT NULL AUTO_INCREMENT, AUTO_INCREMENT=204;
--
-- AUTO_INCREMENT for table `other_messages`
--
ALTER TABLE `other_messages`
  MODIFY `id` int(11) NOT NULL AUTO_INCREMENT, AUTO_INCREMENT=46;
--
-- AUTO_INCREMENT for table `other_orders`
--
ALTER TABLE `other_orders`
  MODIFY `other_id` int(11) NOT NULL AUTO_INCREMENT, AUTO_INCREMENT=35;
--
-- AUTO_INCREMENT for table `pages`
--
ALTER TABLE `pages`
  MODIFY `id` int(11) NOT NULL AUTO_INCREMENT, AUTO_INCREMENT=20;
--
-- AUTO_INCREMENT for table `pc_issue`
--
ALTER TABLE `pc_issue`
  MODIFY `id` int(11) NOT NULL AUTO_INCREMENT, AUTO_INCREMENT=1340;
--
-- AUTO_INCREMENT for table `sell`
--
ALTER TABLE `sell`
  MODIFY `sell_id` int(11) NOT NULL AUTO_INCREMENT, AUTO_INCREMENT=24;
--
-- AUTO_INCREMENT for table `sell_messages`
--
ALTER TABLE `sell_messages`
  MODIFY `id` int(11) NOT NULL AUTO_INCREMENT, AUTO_INCREMENT=27;
--
-- AUTO_INCREMENT for table `services`
--
ALTER TABLE `services`
  MODIFY `id` int(11) NOT NULL AUTO_INCREMENT, AUTO_INCREMENT=6;
--
-- AUTO_INCREMENT for table `site_user`
--
ALTER TABLE `site_user`
  MODIFY `user_id` int(11) NOT NULL AUTO_INCREMENT, AUTO_INCREMENT=24;
--
-- AUTO_INCREMENT for table `users`
--
ALTER TABLE `users`
  MODIFY `id` int(11) NOT NULL AUTO_INCREMENT, AUTO_INCREMENT=6;
--
-- AUTO_INCREMENT for table `vendor`
--
ALTER TABLE `vendor`
  MODIFY `id` int(11) NOT NULL AUTO_INCREMENT, AUTO_INCREMENT=10;
/*!40101 SET CHARACTER_SET_CLIENT=@OLD_CHARACTER_SET_CLIENT */;
/*!40101 SET CHARACTER_SET_RESULTS=@OLD_CHARACTER_SET_RESULTS */;
/*!40101 SET COLLATION_CONNECTION=@OLD_COLLATION_CONNECTION */;
